2.336660617059891087e-01,3.011642030160639055e-02,3.285237004227919311e+00,2.425187135322841026e-01,1.807569806584136130e-01,2.012692015016162905e+00,0.000000000000000000e+00,3.593466424682395521e-01,-2.286142771967971399e+01,2.676750216096583368e-01,4.671076431619872182e-02,2.996323861920806020e-01,-1.500967190940458162e-02,5.659731968364019317e-02,8.891192782361752311e-02,-1.472408046698532036e-01,1.476705891029616302e-01,6.891850724274772855e-01,-1.930588761144853283e-01,1.027017241884487647e-01,-1.008634141525417558e-04,3.402126917132850242e-03,4.092941434224026641e-03,8.264723551197653353e-03,4.366976725713697964e-04,7.182177714254250021e-03,2.013538211939698477e-03,3.082961937315098315e-03,2.822357949277147504e-03,1.141102075465597054e-02,4.763828514748380538e-03,5.325437944483805107e-03,2.806618378200136880e-03,2.907172543160186067e-03
2.087114337568058142e-01,2.862770242209015936e-02,3.295025286240072848e+00,2.367999601354553174e-01,1.801378000355172704e-01,2.045354781062023175e+00,1.328398914381324512e-03,3.421052631578947456e-01,-2.307703247603400243e+01,6.160700356332678845e-02,3.064343893122341567e-01,1.374441371952341007e-01,-3.725657556092187850e-01,-2.615430455393390474e-01,3.743516037745641539e-02,-2.827064488496544015e-01,-1.122532417279713812e-01,9.843630793698999737e-01,1.052062654927914398e-01,-4.125267478355305883e-02,-5.322509467641721795e-03,2.340679823340488259e-03,4.618461072014708353e-03,2.460106262664431970e-03,2.010887181780379642e-03,2.210681565035595934e-03,4.012517819108303053e-03,5.438744575388124863e-03,1.745090233987961958e-03,2.768100109382960056e-03,1.102138450221693509e-02,3.433134635490885621e-03,9.018289999004952193e-04,2.556724412687122125e-03
2.009981851179673262e-01,3.373333716539410332e-02,3.292427668764368320e+00,2.310542104661604812e-01,1.827128154678815952e-01,2.011371711104955828e+00,1.328569948744079974e-03,3.411978221415608026e-01,-2.237566770412727735e+01,2.060157149270544497e-01,-3.793720077563749599e-02,2.071598482649380790e-01,-1.279058767204412084e-01,1.863683043453076005e-01,3.109550786766372976e-01,1.311761499410897362e-02,-2.096315435994474952e-01,6.043471975037622013e-01,-2.194820342688948156e-01,-2.860176117324427780e-01,-1.379457597182065232e-01,2.546495900068094457e-03,6.224776599150568142e-03,8.211988844914639915e-03,5.536743614747217761e-03,7.016227438813868802e-03,3.862368820317973409e-03,2.180587726210885587e-03,4.178631417411902277e-03,5.811857170303046972e-03,3.126333908114847012e-03,4.435261582934544623e-03,8.448586518909098316e-04,2.058271642049158603e-03
1.964609800362976388e-01,3.716119685027025749e-02,3.286844979834720792e+00,2.342694648985202133e-01,1.811151287333331583e-01,2.032002661448463865e+00,1.182983706034316379e-03,3.421052631578947456e-01,-2.239996268584100747e+01,3.370902523150089425e-01,1.077788011903442755e-01,2.699614037511434139e-01,-2.974579274885810753e-01,1.776076572509666385e-01,2.504455063848518015e-01,1.674457870852909605e-02,-7.491926934814407968e-02,5.722111053731206987e-01,-2.728886801407086060e-01,-1.470612341227975350e-01,-6.311506817093738564e-02,1.727504023233663189e-03,5.460045634482766849e-03,2.538096437896783866e-02,1.320156108586263742e-03,7.219970100454334988e-03,1.867969447018581145e-03,1.669785432535425031e-03,2.615762899249513170e-03,6.948850758019878109e-03,2.907899882843870739e-03,3.315070788401107676e-03,8.697025521691647502e-04,6.450389159043033900e-03
2.259528130671506485e-01,3.673297392040820314e-02,3.283415641505570637e+00,2.455492119109512206e-01,1.810917642380469872e-01,2.002688663124612578e+00,1.152511805929829544e-03,3.520871143375680634e-01,-2.276297200201816295e+01,4.003799631534027959e-01,1.744566818176679635e-01,3.424789350975953606e-01,7.013618612948888109e-02,1.664706250358614636e-01,2.019790099343197684e-02,-1.292892345895392536e-01,-1.952097732988391232e-01,6.549838787403584606e-01,-1.370161366453867269e-01,9.081521117828403322e-02,-1.562197052444934675e-01,1.232716904472249070e-03,1.650465621300836348e-03,3.125170884392133863e-02,9.463133971598973676e-04,5.913044618705950300e-03,2.818209096628080876e-03,4.122585570655807122e-03,1.417013755163183241e-03,6.431120161083880848e-03,3.309694464584940574e-03,4.438748454944927389e-03,1.648585496988627490e-03,7.981300604011714109e-03
2.232304900181488194e-01,3.409391051346402635e-02,3.302356243093932608e+00,2.462626717731772608e-01,1.842048675378381017e-01,2.028768812409841082e+00,1.056860858326881536e-03,3.475499092558983483e-01,-2.283161537007456943e+01,2.627047591180211583e-01,4.083452801547383104e-01,4.028254903420722677e-01,-1.473796025132615428e-01,3.488525452995409198e-02,1.611029702047897250e-01,-3.893650501968859978e-01,-1.757117318903389236e-01,4.418152614011282564e-01,-9.480569564661496529e-02,-1.123177641482695117e-02,-1.003194011784358519e-01,1.067162006576204613e-03,1.961710959348531794e-03,2.906113154107679841e-02,2.731657333150629662e-03,9.395016273055164374e-03,2.380403681895605639e-03,4.767037822006781229e-03,1.455494800324068404e-03,3.385849617113535423e-03,3.488262193996471017e-03,3.382728032640000288e-03,2.297976446176767593e-03,7.416076996976118593e-03
2.336660617059891087e-01,3.005730565485474973e-02,3.295284403948739893e+00,2.408348425427305206e-01,1.824816334607162471e-01,2.003443726027728466e+00,1.101712746168426443e-03,3.529945553539020064e-01,-2.273444807870226114e+01,1.998507436642467383e-01,1.781014451826940515e-01,3.126060195345937709e-01,-3.543945497376072007e-02,-2.202307933044541852e-02,1.206083442094420116e-01,-2.977851874119482600e-01,-8.872353268536070647e-02,4.705547261238863244e-01,-1.124023090189565088e-01,-2.620741184183515982e-01,-2.804953543438922989e-02,3.624459124975654839e-03,4.537308620363942821e-03,2.071929378072888753e-02,2.763971987917841766e-03,3.373438079172142237e-03,1.577112686518032832e-03,2.376575487953670653e-03,1.697048210258590532e-03,4.507698828360411601e-03,2.362548795490494562e-03,3.762306618207478682e-03,2.748700173056904932e-03,4.976653138176353325e-03
2.064428312159709566e-01,3.111916921774249278e-02,3.294943550881936467e+00,2.298730610732753199e-01,1.782394128620559126e-01,2.012013851166573719e+00,1.174531515643461883e-03,3.375680580762250305e-01,-2.263182352426024480e+01,3.870669648764338278e-01,2.947851578251350912e-01,2.890731839094100586e-01,-1.669522073679683694e-01,3.757575648982013072e-02,2.434983269512643600e-01,-2.003143444381513538e-01,-9.151410725764164145e-02,7.042130226750336064e-01,-2.170389087387694649e-01,-1.955132237680180518e-01,-3.753711544545915157e-02,2.056338131544123253e-03,5.593361752431452033e-03,1.776883655779038992e-02,2.191453511247677330e-03,8.469791461976449234e-03,1.525478146388493808e-03,2.953160104259157110e-03,6.011770671662161267e-03,4.404423296498764968e-03,3.632372665490029868e-03,7.341893565901323575e-03,6.486558864215647736e-04,4.428645798868103764e-03
2.354809437386569948e-01,2.926692873915887408e-02,3.288752171103848099e+00,2.549478542290160576e-01,1.851156574342938121e-01,2.079523707075205952e+00,1.188636186290217920e-03,3.511796733212341204e-01,-2.326608645081061155e+01,-2.415309747803570939e-01,1.646350313517453146e-01,4.019984601405507396e-01,-1.077891365496448650e-01,-2.730916204318887749e-02,1.943347477820129565e-01,-2.551004854891145701e-01,-3.564074386581718712e-01,4.270502140680005332e-01,-8.091289258899155012e-02,8.529093187721416280e-02,-2.898574008530878376e-02,1.518501702628003531e-03,2.685802423877404685e-03,6.159200900783693387e-03,1.171466774019275020e-03,2.719118890472441413e-03,3.025625002080901092e-03,1.811230164739970842e-03,3.330204125755614059e-03,3.014774392040446560e-03,1.717135390914574207e-03,2.566118293046436120e-03,1.473369668144998944e-03,1.273389429984114057e-03
2.150635208711433877e-01,3.621400466925434047e-02,3.299546071998439078e+00,2.388442472604229150e-01,1.803663015870696218e-01,2.049226057446397853e+00,1.239954923838866444e-03,3.448275862068965747e-01,-2.264987328596654592e+01,1.600162283836003008e-01,6.026977249358737160e-02,2.902790985469796969e-01,2.555990422573078957e-02,-1.243703438877611089e-01,1.262342162716315053e-01,-1.481737485720728276e-01,-7.629121664409631298e-02,6.442938335116888959e-01,2.252356251875916801e-02,1.949219803607484813e-01,2.147831113614137588e-01,3.329719270216275652e-03,2.957153015830257803e-03,1.089418395209151152e-02,2.877103573481355498e-03,9.258063937125641379e-03,3.314535858629550670e-03,1.006436037610865687e-03,2.452267881569656846e-03,7.946146106878885368e-03,5.927715563712417091e-03,7.408003765049200884e-03,9.232447019620977548e-04,3.179871863812479358e-03
2.254990925589836770e-01,3.284291061594175193e-02,3.297970146923213886e+00,2.441374018546115243e-01,1.783417312374477037e-01,2.022425526549566754e+00,1.338014836987840798e-03,3.493647912885662343e-01,-2.289306047697315805e+01,-6.936346719559409457e-02,8.172516273521865382e-02,-7.922900486853869106e-02,-1.688348812778486252e-01,-2.435165081451858698e-02,1.431232076163424238e-01,-5.524130792529009792e-02,-1.905301235305857654e-01,8.625346890317959758e-01,1.301076823480159517e-01,-1.735441424210482919e-01,-1.008717732282603946e-01,2.755994059245335959e-03,2.698426846747302345e-03,3.693097091495793800e-03,6.088732245437224926e-04,4.695983667530340827e-03,2.523485417516280888e-03,2.443042229895204306e-03,2.621949241789053343e-03,3.238063271262505739e-03,6.800931271022521776e-03,1.439035188268373948e-03,2.622051814538059640e-03,1.499623858972138051e-03
2.177858439201451890e-01,4.314247398133019135e-02,3.265429740102110845e+00,2.361328977459875855e-01,1.689733960327489959e-01,2.041268562956129795e+00,1.287100838754147740e-03,3.475499092558983483e-01,-2.267700252260355498e+01,-3.999282013193714014e-02,2.117979219279181868e-01,4.349078676003800825e-01,-1.564012264069138958e-01,-1.373759365626857909e-01,1.582966332664875464e-01,6.301608938864144971e-02,5.339595267433592390e-02,6.930060362904189031e-01,-1.255809676182285117e-01,-3.025981136641646765e-02,1.724443135119579917e-02,1.760181764688290105e-03,5.476158847400622830e-03,6.859649534058827325e-03,2.127599319625271546e-03,3.180659310866677629e-03,2.397249730652860431e-03,3.892161241157220813e-03,1.266656606693302269e-03,1.635487886812517222e-03,5.708076554015324364e-03,2.545919255579487481e-03,4.897527921957373770e-04,1.894651129963884940e-03
2.336660617059891087e-01,3.331120793132136271e-02,3.313152488619022229e+00,2.358443124515125777e-01,1.787349930016866040e-01,2.004382507802967339e+00,1.466400437878951930e-03,3.475499092558983483e-01,-2.272887146866976593e+01,-6.405712013914795222e-02,-1.049567196427353272e-01,2.821126634314169990e-01,-1.639625597534428159e-01,-8.072234868328845292e-02,1.741147162115428693e-01,-1.615823426485981373e-01,-2.362205585220645554e-01,7.918146171478258610e-01,2.405619501523442172e-01,-9.599813259000079813e-02,-4.719734256537792133e-02,2.712805386664425295e-03,3.913728694719151996e-03,9.205559049848622069e-03,2.569509409550657045e-03,4.483525462988559307e-03,3.392214442891760325e-03,3.338080049836772943e-03,1.388934785329069008e-03,2.952488822320504733e-03,1.893149085144428838e-03,8.642482920598357904e-03,1.141678860021387793e-03,2.474196405050642887e-03
2.391107078039927392e-01,2.824064858076038437e-02,3.286522106206795968e+00,2.399986884966408274e-01,1.834638493605200427e-01,2.027007867121752849e+00,1.151842588527071188e-03,3.539019963702359495e-01,-2.277971701007187377e+01,1.208211037976308355e-01,2.854554147346725634e-01,2.517051324657270106e-01,-3.106790734714058866e-01,-1.696444869120859178e-01,1.013792699024803901e-01,-1.213740704560194034e-01,-2.627478292472807397e-01,5.998022229765944680e-01,-1.302833056921176846e-01,-2.316316234139242924e-01,6.472642909372537667e-02,1.440501351672464000e-03,4.666795537857721526e-03,7.749230465580120644e-03,2.198295134026706250e-03,8.061358642075498043e-03,2.597279016389353063e-03,4.713016705097624812e-03,9.698498876907124446e-04,1.280077718313237575e-03,3.586610287172210115e-03,4.466858650694471161e-03,3.204605553290543717e-03,2.237694891948666109e-03
2.336660617059891087e-01,2.948874452246892305e-02,3.291585108471201337e+00,2.404918821236523285e-01,1.816916803656426771e-01,1.978599441740125808e+00,9.682581572007347955e-04,3.529945553539020064e-01,-2.273068514832428377e+01,2.033594602952945307e-01,1.775745464579850108e-01,2.200763062616183929e-01,-1.071455988887940053e-01,-1.964077637906139762e-01,9.575110029634839592e-02,-2.288809847688877686e-01,-1.174315239243649278e-01,5.464082787051521839e-01,-2.065479775090234282e-01,-1.659521292983679452e-01,1.583123826058686068e-01,2.273692115296174418e-03,4.065475671731997968e-03,1.369061548576798633e-02,2.169819538450790813e-03,5.961724966952737341e-03,2.342009163789982810e-03,5.375265936057278295e-03,5.162220882223182879e-03,3.410222424310891190e-03,1.995150153333026186e-03,2.673056023252609083e-03,2.816212178323696750e-03,3.113414054310559200e-03
2.109800362976406440e-01,3.635834326540210437e-02,3.288940935003747512e+00,2.414186702173836130e-01,1.830653213397288037e-01,1.961490184784054458e+00,1.284061633100089033e-03,3.529945553539020064e-01,-2.269048978027787200e+01,4.497183150088401860e-02,-9.438143718718558159e-03,2.368575223571594834e-01,2.668761291181701543e-03,2.695404427833106645e-02,2.330280194148795780e-01,-1.004975404926454485e-01,-1.088642613763009803e-01,6.434443525749361514e-01,-3.833317853876193615e-01,-2.261355440888143109e-01,6.845169693887284690e-02,8.822158122515424972e-04,5.443649078379698622e-03,5.723218220098298496e-03,1.663890415000916778e-03,4.863471208853897138e-03,9.453933325816801791e-04,2.509376653717341771e-03,2.570293404799851595e-03,3.310153089404192957e-03,3.341263654991578035e-03,1.982645431224237635e-03,1.445096345368699015e-03,1.614960465242655735e-03
2.168784029038112460e-01,3.090246320144207290e-02,3.263656271394318242e+00,2.361557632208406421e-01,1.748844576124280736e-01,2.047589754974802112e+00,1.578915303103473272e-03,3.520871143375680634e-01,-2.296334293755108646e+01,-9.357128042785889388e-02,1.162736135413786620e-01,4.023356814399330350e-01,-4.346939453117967811e-01,-8.230073956917711986e-02,1.961455098538863462e-01,-5.037400596669504640e-03,-1.706235388106137063e-01,6.885400711490383685e-01,-4.877431821855044564e-02,-1.089164417812994029e-01,9.454430477648248510e-02,1.119608526584988306e-03,8.301031236936601363e-04,1.028575528379119079e-02,2.350143740114951814e-03,2.791339650598869369e-03,2.542012052921309873e-03,1.835423527161133194e-03,5.482477291316036755e-03,4.358428285811597608e-03,1.042166174169788153e-03,2.836920049748368772e-03,1.527099775399350708e-03,2.538240578332093787e-03
2.250453720508167055e-01,3.717983888691328564e-02,3.296026215151660388e+00,2.365611232488277760e-01,1.759155847706884435e-01,2.007653334708844106e+00,1.211222003547199290e-03,3.493647912885662343e-01,-2.262355328203455329e+01,2.964351645610006913e-02,-6.200179674754236619e-02,1.639114204621978654e-01,-1.217456272090431807e-01,-1.175120682139096512e-01,1.240363002900984057e-01,-1.494539362296196938e-01,-1.890349079526661424e-01,5.526984486126395035e-01,-1.072455222362055788e-01,-1.467407455650353819e-02,-3.590685943376030476e-02,1.426074748181409670e-03,3.210135818651916901e-03,1.276301325365402500e-02,2.307298982616438465e-03,5.187124031351368972e-03,6.051697546403380853e-04,6.517795373331340507e-03,1.785601416498293478e-03,6.786985767750225093e-03,2.325399885738469244e-03,3.550529737881673482e-03,1.072133950100024116e-03,3.296586108553336246e-03
2.096188747731397573e-01,3.618850070958832404e-02,3.298106782278315219e+00,2.241095140842850331e-01,1.750916280735517472e-01,1.943638935420985758e+00,1.175546552350782920e-03,3.411978221415608026e-01,-2.244225162613091840e+01,1.253244797207782590e-01,5.644080782296714144e-02,4.501970435541604587e-01,-2.233907893860430649e-01,-2.647189682524909160e-01,1.081061174485578869e-01,-3.065041342332299745e-01,-3.164785043479296234e-01,5.884758141440981083e-01,-7.356962252933384183e-02,-2.149274740331687528e-01,-2.902487387932892182e-02,1.509342605526894140e-03,3.861029386821642189e-03,1.580174216211147759e-02,4.205562717150353354e-03,4.813017687042780469e-03,1.740584804321745806e-03,4.728060812885410968e-03,2.973256535572995751e-03,4.254502075651071628e-03,3.662809026438445560e-03,4.726899809674464312e-03,2.360506864478407324e-03,3.566276288851018359e-03
2.100725952813067288e-01,3.149528984072433313e-02,3.309618521155994308e+00,2.361334519455911551e-01,1.841396806400392439e-01,1.983314730199016163e+00,1.468613517028512141e-03,3.466424682395644052e-01,-2.266351795302241356e+01,3.341274124412275115e-01,5.331813959775351386e-02,2.727344900374855108e-01,-6.731114317236473743e-02,1.533709459018774424e-01,8.131447114093739992e-02,-2.959955859511222420e-01,-4.346633340543247792e-01,5.791997039151527416e-01,-1.104761101354334585e-01,-1.081406241753028741e-01,-9.780537297257241303e-02,2.058377363224293214e-03,4.975053462335024546e-03,1.322519550202653008e-02,4.770544205094773456e-03,3.983335941978994113e-03,3.736426858272625436e-03,3.986280641516685291e-03,6.708739700765702866e-04,3.368268142539038081e-03,4.862501028335695745e-03,5.176516439290367901e-03,1.230063656912799537e-03,3.033272403825608421e-03
2.196007259528130751e-01,3.670681331869108527e-02,3.295334903101126756e+00,2.361368763666827630e-01,1.758741465074410149e-01,2.038105025799244796e+00,1.134373694184750850e-03,3.366606170598910874e-01,-2.242786815324773642e+01,2.669375145708456909e-01,8.445010090864958630e-02,2.555459928223406951e-01,-1.350045388252595902e-01,-7.749298124479439553e-02,9.781621184264847890e-02,-1.924110382805010178e-01,-5.226964436337153130e-02,5.018996705643384848e-01,-2.030427712156551989e-01,-1.504757049239890121e-01,-3.124523606841644874e-02,1.845787218562579919e-03,3.511573158051589216e-03,8.561197455828941857e-03,1.376002142355010026e-03,3.192396070738223127e-03,3.939142529337489283e-03,3.111648272706909416e-03,1.979776030556067157e-03,3.160958267596655942e-03,7.638689922105102066e-03,6.025372479136356652e-03,2.157017525030889647e-03,2.223935056084922531e-03
2.182395644283121605e-01,3.485553550631453196e-02,3.262899884341010637e+00,2.417128951685543203e-01,1.843148775180082355e-01,2.048063245003740818e+00,1.017921238135025778e-03,3.475499092558983483e-01,-2.249229840738136232e+01,1.566782207501969115e-01,-2.523928827148411158e-02,-5.575538801424931301e-02,-4.887142841209101141e-01,-5.042473010879005429e-02,3.676602719441487976e-01,1.003174516341985290e-01,-1.599632711074981395e-01,5.805080088005527550e-01,-4.210977367618409101e-02,-3.935476446388004590e-02,-1.621260584263738425e-01,3.112585579341581397e-03,3.223502430554934205e-03,9.047671458640061878e-03,2.178308982368063959e-03,4.897259095242825939e-03,2.117322543754010175e-03,3.509791035490422619e-03,3.367405313404787329e-03,8.640200672388336639e-03,4.004697557552122297e-03,3.547791174808089670e-03,2.060881645015258737e-03,2.244089364778877570e-03
2.173321234119782175e-01,3.529458013629381552e-02,3.288271236007490383e+00,2.404237464618431408e-01,1.842899657967680127e-01,2.046636429520486633e+00,1.101227716036105820e-03,3.439201451905626317e-01,-2.270586363422490095e+01,1.767666115283131056e-01,2.306886876507108913e-02,1.974872123072988761e-01,-2.569476407132461615e-01,-4.253218874447656662e-04,2.836873411795240441e-01,-2.060018049923657835e-01,-1.009185338591111064e-01,8.169088646838591483e-01,-1.075178200362147535e-01,-1.021049178544981978e-01,1.373144348513156976e-01,1.700856582230257869e-03,6.994723973145068434e-03,6.277150344371304480e-03,1.710309575051659420e-03,5.924363950684018686e-03,2.797480540281555364e-03,4.973299040554347676e-03,4.020199206206435949e-03,1.388476176846238641e-03,8.146983688039838647e-03,4.910040268756457257e-03,1.499673844465038023e-03,2.262357232392583472e-03
2.164246823956442745e-01,3.402815550828960228e-02,3.306800515667315477e+00,2.373629323831572824e-01,1.830918536124029883e-01,2.020965828149137611e+00,1.219737803787639130e-03,3.520871143375680634e-01,-2.271323536455179237e+01,4.225878249367932132e-02,1.146846847284065246e-01,2.657427449429021205e-01,-2.841880956413732617e-01,-1.199979344868784825e-01,1.134202065237205348e-01,-1.845479364992360649e-01,-1.433938905290262078e-01,8.836542519505639071e-01,-5.630816539541003835e-02,-1.946270496067182415e-02,-5.107880572857646101e-02,2.378805855489152504e-03,8.408231303491921216e-03,7.123878237728734422e-03,1.021414930245349503e-03,3.231601813244210000e-03,2.386004085902046056e-03,2.880105650348359358e-03,9.879697724777436636e-04,1.435825810668408913e-02,2.962114881407385512e-03,2.783668506842231806e-03,1.026387411886976698e-03,3.793701039675107401e-03
2.277676950998185068e-01,3.389017216685091122e-02,3.298327421238113288e+00,2.437544395317741974e-01,1.804063312191709623e-01,2.064228632232530725e+00,1.075092319520464272e-03,3.511796733212341204e-01,-2.283062992530964053e+01,9.600166353740351155e-02,3.289501233774489997e-01,5.194126656816777654e-01,8.977767247856287269e-02,-5.828064663868174483e-02,1.962533199056608058e-01,-1.707736170680969057e-01,4.943215289637356569e-02,7.300270438571695442e-01,4.582462645258272155e-02,-5.366950326605490068e-02,-7.688657836238742271e-02,2.944566196403708858e-03,2.989999703835544229e-03,1.440314505898061467e-02,6.021847872641858824e-04,1.017614904181570086e-02,1.891357745940232303e-03,3.306891601780173173e-03,2.359691718550425456e-03,2.056744830850497450e-03,2.443037701435095237e-03,3.553643934547345319e-03,1.333926938872086881e-03,3.885593628137427175e-03
2.205081669691470181e-01,3.474696295602886648e-02,3.301588475238118381e+00,2.402982343257611952e-01,1.752769820936963263e-01,2.024663921296601998e+00,1.033527931083467934e-03,3.511796733212341204e-01,-2.290529900707015543e+01,-2.304960480594165639e-01,1.299217921348399252e-01,1.052233864981348965e-01,-5.100925483268695659e-01,-1.112031174541514983e-01,2.958379518649195683e-01,-1.022925958098045013e-01,-7.578479483153834073e-02,3.906703277611092706e-01,-3.963822373001938959e-01,-2.225675682033144698e-01,6.401332931827906358e-02,1.872166742684901837e-03,3.150427780498596658e-03,6.545775165485064225e-03,2.681417741460634819e-03,5.556845071288985492e-03,1.836152631601941070e-03,1.520818667957734216e-03,1.848808488346513146e-03,1.274384856705765073e-03,4.561725108614194876e-03,1.375033413881476298e-03,8.189648379936660368e-04,1.766803672050051843e-03
2.304900181488203359e-01,3.538169614496836785e-02,3.280838596584318534e+00,2.407223149170299725e-01,1.781805033478514877e-01,2.008174545487715790e+00,1.133495712207542496e-03,3.620689655172413812e-01,-2.263482999662530659e+01,2.041838968120051612e-01,1.399747932148361074e-01,3.677046993609390246e-01,1.853475811587916577e-01,1.136784410028310877e-01,6.845175600731655263e-02,-2.276253943255388823e-01,-2.012674725078160975e-01,6.302051178896820316e-01,6.114930686144930128e-02,-6.547900244774068797e-03,-4.785122159641540598e-03,1.623260287784662271e-03,4.875683160673115017e-03,1.766263620343038951e-02,3.433587943965562932e-03,1.203834561709355225e-02,7.014061182928534553e-03,2.521179529918603918e-03,2.132675010038185669e-03,4.400073128933618127e-03,1.053188377109891749e-03,3.029676601915308638e-03,1.706239038234456636e-03,4.766705658651879118e-03
2.236842105263157909e-01,3.954888348178416807e-02,3.300657933081950546e+00,2.362093245769294469e-01,1.756854453760625101e-01,2.049402146977289174e+00,1.203752178635799502e-03,3.466424682395644052e-01,-2.246821090222885431e+01,-1.132078473340812352e-01,9.781006611658173144e-02,2.742066361517100370e-01,1.880757597551423743e-01,1.755137281161000748e-02,1.084939335937418620e-01,-2.031116117509741137e-01,-3.673038330075338309e-01,3.018245440936138668e-01,-1.419173992266062334e-01,-3.059421800949023718e-01,-2.020827131033447466e-01,4.851072795026539937e-03,5.167810053314672233e-03,1.600378935899737440e-02,1.093524367719343054e-03,3.129620532918347530e-03,4.407944189307469451e-03,2.376087571000709640e-03,1.247258663013080205e-03,4.879630630374318101e-03,3.533302522978085634e-03,2.777294455923276159e-03,2.603139199774017615e-03,3.750804086389589436e-03
1.882940108892922071e-01,3.787256612879143225e-02,3.275164219956314682e+00,2.320080645971433209e-01,1.761327005743806295e-01,1.931464975827569042e+00,1.430315890399731522e-03,3.402903811252268595e-01,-2.259333139806539137e+01,3.203441195071573544e-01,3.078736179851834787e-01,1.931551850306040263e-01,-5.671920086956286355e-02,-5.825171107660830766e-02,3.466290109604041603e-01,-1.778063618920518452e-01,-3.210952175886522819e-01,4.721460361177158283e-01,-1.519827037949641746e-01,-1.511661928439086422e-01,-1.881030272502544343e-01,1.208375343858608718e-03,4.399908649899809433e-03,2.164538005153518463e-02,2.434103789321711252e-03,9.884104920691612686e-03,3.034139877702697347e-03,2.720178329404218491e-03,1.581235938412881318e-03,9.348639455581658070e-03,3.071040413760103144e-03,2.322452480340589809e-03,5.910872389313649418e-04,5.714124291112184818e-03
2.168784029038112460e-01,3.048281313002936671e-02,3.289532475178904125e+00,2.400811715257874790e-01,1.838423861166411377e-01,2.040480855641164215e+00,1.319801766609682422e-03,3.520871143375680634e-01,-2.266689029154602864e+01,9.335545220161552138e-02,2.455438322052932998e-01,5.057621316106588605e-01,8.004779374630557887e-02,-7.786415678347569091e-02,5.302098991801018624e-02,-1.923767888426370087e-01,-3.311544964037874683e-01,5.953269256887584460e-01,4.091268601538916583e-02,3.480877674624708457e-02,-6.814275117325802045e-02,2.286992787008416614e-03,3.525642873902573408e-03,2.104788317202968204e-02,2.244135861305699038e-03,4.667086390257053213e-03,1.825358721156139161e-03,7.912441816434412356e-03,3.829964371246796263e-03,3.765922538150315215e-03,3.563190513038595481e-03,3.473810005135831349e-03,1.418045886584923471e-03,5.110731187787311176e-03
2.468239564428312272e-01,2.973692454368908472e-02,3.303434508359857080e+00,2.527936860105375882e-01,1.838796102531836951e-01,2.029507019383225419e+00,1.039340239389706334e-03,3.539019963702359495e-01,-2.311941634400119838e+01,1.813422054081469462e-02,1.481921618923353889e-01,3.341609766546884686e-01,1.539601815162063535e-02,3.098797397422524691e-01,3.429692189651303291e-01,-3.403663698466984910e-01,-1.240991574853505669e-01,6.344738032510175429e-01,6.364355583525051208e-02,-1.294100469966862066e-01,-2.040538056058592842e-01,1.156558259621612642e-03,3.363420302835340783e-03,6.781334258168777128e-03,1.125950678482290227e-03,6.901523271246194462e-03,4.640260034724651324e-03,1.536339083596027734e-03,3.385009317341962191e-03,4.154420549599227921e-03,3.420876154967427991e-03,2.529567033714781761e-03,1.311941665086966465e-03,1.927399959327913111e-03
2.059891107078039851e-01,3.984672706588747448e-02,3.279335089711566287e+00,2.383708984043587387e-01,1.812885083909549222e-01,2.020517855386278594e+00,1.148805202596502864e-03,3.520871143375680634e-01,-2.248707621900572562e+01,2.255502780442699418e-01,1.519531538926958136e-01,2.869341284630094746e-01,-1.763147618938153971e-01,-1.172906872873584298e-02,2.679957080094094168e-01,-2.357824814704297389e-01,-7.785732613351547572e-04,5.274218600018879544e-01,-6.543381466848395556e-02,8.393751752855271864e-02,2.400527564293434071e-02,3.350484816482189078e-03,1.872549046304172564e-03,7.388911202239321387e-03,3.111730256559848071e-03,7.740136819889944023e-03,1.295940043287432432e-03,9.988822593352752414e-04,1.122778224617545107e-03,1.141333599624416023e-02,3.059038386435687304e-03,4.782764693542637495e-03,2.138072809766528113e-03,3.105418707923622047e-03
2.273139745916515353e-01,3.962708130222633574e-02,3.264135171287153359e+00,2.337298548632391337e-01,1.762674403380534993e-01,2.018420577108703817e+00,1.322762319114466519e-03,3.484573502722322913e-01,-2.243675367924787523e+01,4.970868137091120215e-02,5.410842277175632181e-02,9.984942387269493680e-02,-3.940877955285838063e-01,-2.309433831446020269e-01,3.082072793048266091e-01,-3.086829773872637461e-01,-3.225682639717576405e-01,7.073359928381437456e-01,-1.603537866806626078e-01,-1.462062294484099689e-01,9.710952982464789163e-02,2.621050490380694153e-03,3.936546725340396222e-03,5.933883535998628334e-03,2.309806511247251750e-03,3.370413527661481404e-03,4.485548756732960808e-03,7.439049013494900171e-03,5.477779661818474484e-03,2.622897958448164486e-03,4.151034062781151432e-03,2.486515002174912933e-03,1.531528445646311619e-03,1.663979753946557422e-03
1.946460980036297528e-01,3.667068748900094433e-02,3.290898538472455837e+00,2.319527649235318123e-01,1.842311426240041683e-01,1.993499127754458478e+00,1.174948876528110172e-03,3.266787658802177696e-01,-2.242634375363326527e+01,1.609758061978140975e-01,2.374942559418512511e-01,2.729366762780434108e-01,-1.456937628053153466e-01,-1.800267176464842925e-02,-1.225622530255847525e-01,-2.345058106917541629e-01,-2.047554027866018214e-02,7.404706947310819576e-01,-1.300788911156812999e-01,-5.942330185085796523e-02,-3.789373298565081039e-02,1.866433657454205685e-03,4.097071120389802167e-03,1.756973420845548556e-02,3.633319353819618441e-03,9.373829816254238001e-03,3.555598239772054300e-03,1.323203497376199047e-03,2.215039422962960039e-03,6.590136445390374449e-04,6.835463952019737305e-03,4.695057647072015637e-03,2.308639502929453642e-03,4.493058686844169508e-03
2.050816696914700421e-01,2.974086368876578679e-02,3.302717390384030782e+00,2.298866951893724642e-01,1.826327329854507964e-01,1.998467950032913443e+00,1.179188455626111126e-03,3.402903811252268595e-01,-2.258903784984991958e+01,7.770955129628574765e-02,4.468318623883348328e-01,2.431347353136480705e-01,-3.626423975430755342e-01,-1.881653926889529510e-02,8.567581619828630590e-02,-1.433953553764246158e-01,-2.531767267045855196e-01,6.112052160974336124e-01,-4.903634522550822522e-02,1.331507333679820548e-01,3.237830285119869256e-02,2.507979000026778951e-03,1.909956980149313472e-03,2.840191173573594022e-03,3.781321095795730537e-03,1.059169748076256579e-02,1.118914499644662599e-03,4.072519262637418896e-03,1.726834080598011996e-03,1.641476510220937551e-03,5.992023751595281639e-03,2.297338784281835120e-03,1.627670102529357732e-03,2.545886292978701004e-03
2.000907441016333832e-01,3.669581665505938783e-02,3.290708095411289502e+00,2.294957751963702386e-01,1.776570866602137089e-01,1.996222154404830640e+00,1.295725457884168040e-03,3.421052631578947456e-01,-2.248548171891851410e+01,3.151853688032180134e-01,1.305347996237559982e-01,2.553491511289682214e-01,-6.091077078705781078e-01,-1.022616811635361639e-01,1.690124730612516668e-01,-1.748845032895309237e-01,-5.519145019958664189e-02,4.410007243952874800e-01,-6.174605730526051134e-02,-1.069954011658000304e-01,-5.256358772736767840e-03,2.410033996160375769e-03,5.427671711831194915e-03,2.823020775263577337e-02,2.651940500293760612e-03,7.683546452899523739e-03,4.310835207536212015e-03,3.635423539767683714e-03,2.285080139306021677e-03,5.508749111908592053e-03,8.907497152749167812e-03,5.588873482217173588e-03,1.491979496608042931e-03,6.890448500683066593e-03
2.064428312159709566e-01,3.132311125338353014e-02,3.291661138004413623e+00,2.333705552597052091e-01,1.770568435106780747e-01,1.998880938884501690e+00,1.200903334735071602e-03,3.502722323049001774e-01,-2.281772877893957840e+01,1.364603482968537729e-01,1.687510114356166602e-01,5.023833372394024416e-02,-3.372635621809849105e-01,-1.115467997060879540e-01,1.113886474442099261e-01,-2.448097395607301552e-01,-2.511318577271841046e-01,7.157266775928291525e-01,-1.198483652554128698e-01,-2.479877839751361279e-01,-1.390816751830253606e-01,2.261026413293785228e-03,5.384531534586591700e-03,2.018255137323120632e-02,3.845793630481265414e-03,4.103237342570812025e-03,2.815341723886540838e-03,3.302105163214420769e-03,1.314650125337311383e-03,1.096037828039802100e-03,2.624599906908562600e-03,4.464662057996842022e-03,1.639354896237719440e-03,4.915566642910193518e-03
2.300362976406533644e-01,5.169553220601481175e-02,3.278353694152205566e+00,2.447312082114650456e-01,1.772137993696886182e-01,1.936480889292835794e+00,1.388560457117869219e-03,3.493647912885662343e-01,-2.250544503952894004e+01,2.944932150620936939e-01,1.548434439453087175e-01,1.945236524481772644e-01,-5.597871470523771986e-01,-2.975748370522015018e-01,-5.299032186172129150e-02,-2.902303289864714420e-01,-1.030362670804934461e-01,6.064560134962643234e-01,-1.532845671554664280e-01,-1.564239634163951398e-01,-1.160502424503948443e-01,1.436044354903234658e-03,1.211258825063356651e-02,6.565608543895399760e-03,3.062888946976810925e-03,2.483345460877498575e-03,1.300165190627373306e-03,9.899968094969138765e-04,4.733404570223411108e-03,2.541709391948952963e-03,3.871683812723310421e-03,3.570371917921139841e-03,6.450193213451265459e-04,3.038483504454596393e-03
2.196007259528130751e-01,3.739119501655408656e-02,3.304480075133137795e+00,2.363289430780449452e-01,1.739507053077741783e-01,2.010506100339599644e+00,1.271545306380174279e-03,3.511796733212341204e-01,-2.271618893869542788e+01,-5.113553836124373059e-02,7.983010027982893886e-02,1.153990513963321640e-01,-3.569375693436900865e-01,-3.733288552856193765e-01,-6.352843495167476151e-02,5.663162842942989078e-02,-1.153435701231067673e-01,4.826341810240708519e-01,1.133966749837166804e-01,1.444911530600357097e-01,9.733263841521960780e-02,1.198842242326110660e-03,5.118723815603519120e-03,4.051922197280526453e-03,1.782350581059830496e-03,4.972670587843019269e-03,2.641076892271840629e-03,1.238452250791379329e-03,2.282292840425458828e-03,1.333463694903007108e-03,2.358602672578308159e-03,5.554879269221436357e-03,1.691180054265145356e-03,1.557969249234018600e-03
2.132486388384755016e-01,3.818723922171936985e-02,3.247661705837431079e+00,2.329120856027964981e-01,1.715772424417434383e-01,2.045617153961851287e+00,1.217493564937649009e-03,3.457350272232305177e-01,-2.257396773504607168e+01,2.881805958393747757e-01,3.029410445341674252e-01,1.424932906479079164e-01,-3.064920971308713327e-01,6.938155123580092877e-03,9.704891872436444133e-02,-3.630369493214331000e-01,-1.421245057214332030e-01,7.874961212759377105e-01,5.537506057191335374e-02,-2.189956123321982334e-02,-1.045182580441270104e-01,2.354112672091038857e-03,3.182548250121550529e-03,6.070682168591248588e-03,1.929434147416596995e-03,1.080244480400241285e-02,2.895930808235245776e-03,2.889404762132149421e-03,1.776730521290221295e-03,8.227783389550947721e-03,5.217413075695827816e-03,4.193704746655581468e-03,8.344825166647573070e-04,2.807208879968508489e-03
2.400181488203266822e-01,3.318571979999442034e-02,3.285204397387454289e+00,2.390056472480532601e-01,1.792752898580109167e-01,2.006544538536663591e+00,1.213935337115682562e-03,3.502722323049001774e-01,-2.279122423862153113e+01,-1.274991998368110724e-01,-1.610477677769119320e-01,-9.318935592185606520e-03,-2.437298616905164417e-01,3.780549046956493964e-02,1.803058467068815729e-01,-1.626415560883506251e-01,-3.047681064310557297e-01,7.686798625811711583e-01,-5.078104511995040760e-02,-1.977941397727599471e-01,-2.117863822311518429e-01,2.997433173088386808e-03,3.548918818405589690e-03,5.607671920768212380e-03,7.029149683878202493e-04,1.858147562036316456e-03,1.270582429005020011e-03,2.716862672204287902e-03,4.447537704560103507e-03,4.990725254554954048e-03,3.498112779944269595e-03,3.587815398012274021e-03,1.602156107648281544e-03,1.452051989343913644e-03
2.268602540834845638e-01,4.110689344571754472e-02,3.275535344265220861e+00,2.426297736237487956e-01,1.735530962477462025e-01,2.025562392105731302e+00,1.392869868612861247e-03,3.466424682395644052e-01,-2.283419765029028525e+01,1.609074194956681622e-02,-8.329893031212660948e-02,-1.694387871193711245e-02,-1.382232552116069990e-01,2.304749890837620441e-01,2.008436886001220834e-01,-1.247843514189079100e-01,3.784442653343477597e-02,8.613644986194427533e-01,-9.912343832165886048e-02,-8.452084467309763094e-02,9.028895251700795599e-02,7.351903449888991422e-04,1.011535049108443392e-02,2.685410208310421050e-03,1.150640256201907645e-03,8.448547269330856924e-03,1.149158185881281671e-03,3.473239431545349729e-03,9.895465322481518042e-04,4.652457186005218640e-03,3.789494526261002680e-03,4.721354584131380941e-03,2.064578668273146095e-03,2.865699695774264356e-03
2.323049001814881942e-01,4.374288465517587460e-02,3.305558219710814871e+00,2.390337469934459558e-01,1.705351509099968244e-01,2.033369761433875045e+00,1.110774741038264525e-03,3.421052631578947456e-01,-2.264267362800683614e+01,-3.911214395404329081e-02,6.240338485275064712e-02,1.655081498165957288e-01,-5.234692538151453078e-01,-1.770005150295254348e-01,8.277191510967034371e-02,-1.209035831821227841e-01,1.168203277061425488e-01,6.088093667710456902e-01,-1.282194909457255727e-01,5.408347881258005613e-02,9.807400670215121741e-02,2.782059853987568516e-03,3.503064227765433428e-03,1.277122617207975593e-03,5.479386536544721131e-03,1.532236870636769464e-03,1.730691029914499393e-03,2.153765968935334504e-03,9.396090089130060708e-04,3.532794693556088120e-03,2.832702715856096065e-03,2.300833984587722075e-03,1.732779688643669045e-03,1.202191964926643169e-03
2.323049001814881942e-01,4.283548840535400526e-02,3.289249180904401992e+00,2.401398080279244507e-01,1.731128260192187351e-01,1.969616984902313295e+00,1.115674341727397774e-03,3.493647912885662343e-01,-2.259360480335325150e+01,8.237021130575405969e-02,1.682522718189104483e-01,4.346083845525442468e-01,-1.924045884832093767e-01,-1.391114327972577114e-01,-3.375743336156927787e-02,-3.908920040023344811e-01,-2.964613055096940730e-01,4.884965152005065203e-01,-8.374656037417062271e-02,1.174665931398701790e-01,1.330009395692719476e-01,3.510018664729863333e-03,3.021869610227081050e-03,5.600127832482453515e-03,3.320228304961131589e-03,6.401384138024065681e-03,3.275260007727866848e-03,3.194034718614890359e-03,6.441480652577949223e-04,1.142088887894507007e-02,3.173252721472929680e-03,2.873315670255221967e-03,4.877102396200643820e-04,2.764121889122473155e-03
2.168784029038112460e-01,4.233019936927073096e-02,3.272369355094746357e+00,2.348616653182704073e-01,1.775249653510138914e-01,1.996104950232763464e+00,1.191424798755538013e-03,3.466424682395644052e-01,-2.241261414663210516e+01,1.144207503236816109e-01,9.652463618262757672e-02,2.567458617993431114e-01,2.322663594912249482e-02,-1.261929411377879229e-01,1.202612731663061374e-01,-2.205272449986161731e-01,-2.461293235777418376e-01,7.173063531424798134e-01,-1.392569231433435639e-01,-2.365558416479742188e-01,-1.048429310341222748e-01,1.607284881903957687e-03,6.264005275210446019e-03,2.802746706229823290e-02,3.088013069399638509e-03,5.308688210779509073e-03,3.899224736959281973e-03,1.493212951100285823e-03,3.161589240037123664e-03,1.388248886845909989e-02,4.364116570427726237e-03,2.656577309781817196e-03,9.478964503048055348e-04,7.344032206555572463e-03
2.141560798548094446e-01,3.779235598255226841e-02,3.299658610164792893e+00,2.376074893882446359e-01,1.791786795815909217e-01,2.037593322324167122e+00,1.093310977376580392e-03,3.466424682395644052e-01,-2.251035386110582337e+01,1.199326014398169743e-01,4.107230379334604886e-01,4.471908243780893244e-01,9.591978531025367044e-03,1.054751840490516235e-01,2.671728435411501734e-01,-2.562548813992232000e-01,-3.610457430698852943e-01,6.100871636703344425e-01,-4.657134960644195715e-02,-1.917172314184849014e-01,-1.420668790348880717e-01,4.154299065160290544e-03,3.891900971962958256e-03,1.328684364453048931e-02,1.608783160112662192e-03,5.605375627518802660e-03,2.679380207934743512e-03,2.839260285734519079e-03,4.744538237353291936e-03,8.146114598170040716e-03,2.350228907587740852e-03,1.804739618910726571e-03,2.215346679242289132e-03,3.211611590664716423e-03
2.282214156079854783e-01,4.044368574831345986e-02,3.300830343550790413e+00,2.499732687909439199e-01,1.857179228123463921e-01,2.061604277414555764e+00,1.185739912243575058e-03,3.502722323049001774e-01,-2.261921812060781889e+01,1.906252623630367571e-01,3.486515193656365974e-01,3.767831058846602965e-01,1.385952721854457823e-02,5.217464750616668950e-02,3.173776022248058215e-01,-1.732098783652277485e-01,-2.876465874552513458e-01,6.609983099560999831e-01,4.435491717333489570e-02,-1.096475317322688631e-01,-1.668002275549072266e-01,2.137409253695003210e-03,3.869784908709375353e-03,1.463935280885261293e-02,2.181064730460690985e-03,6.455750085593374953e-03,2.339892732393232099e-03,2.467958496446206323e-03,2.367182616782835102e-03,6.735093192288165581e-03,3.438005589259567844e-03,1.847669399096925130e-03,2.812959646875097617e-04,3.651485199878066676e-03
2.214156079854809334e-01,3.794040018954252663e-02,3.241179749503919183e+00,2.323325513163294054e-01,1.679867117170096014e-01,2.026976876692335505e+00,1.282571618168051181e-03,3.457350272232305177e-01,-2.255624003213502249e+01,1.495420019219131091e-01,2.943935488024340685e-01,4.338891168022482869e-01,-5.069594747888718222e-01,-2.640454615754287970e-01,2.721583981702917904e-02,-2.002692273669265041e-02,-2.219475389116246089e-01,6.062718899349626989e-02,-2.963156736861919938e-01,-6.089801658805513856e-02,7.250641767375062829e-02,2.547249153136323194e-03,2.791674864119393293e-03,9.304118227859897727e-03,3.036390180281879625e-03,3.242988128937212937e-03,2.377327777120743016e-03,1.604242666638419461e-03,8.876762989252767874e-04,7.189594823427322961e-04,1.459764671191208629e-03,3.542164265122039763e-03,3.199338666112725230e-03,2.133450025698820519e-03
2.177858439201451890e-01,4.063642995406140102e-02,3.303249398793770553e+00,2.291106083346109712e-01,1.684325528709246234e-01,1.981009538694876060e+00,1.280949920208379524e-03,3.457350272232305177e-01,-2.252680464933344240e+01,2.369664923123114830e-01,2.060161103822388540e-01,4.474258255498774206e-01,-6.719965031603501726e-02,-3.304433541563817772e-02,8.290611770406464132e-02,-2.577445926390338760e-01,6.926209124091596558e-02,6.201650649638245083e-01,1.551740103915303093e-01,3.683241465102032874e-02,2.836077731335186203e-02,2.929493399128609531e-03,4.685387990741069972e-03,4.995658447147601107e-03,1.976781747282465012e-03,8.521258547780413348e-03,6.132041742426060267e-04,2.816982638786929161e-03,3.376074428541617298e-03,6.514280171199419121e-03,3.368094173502682569e-03,5.096919533897412494e-03,1.991115766431690581e-03,2.086817145367369977e-03
2.250453720508167055e-01,3.360753220839347161e-02,3.297816988104725677e+00,2.368660743481298403e-01,1.721888054110200794e-01,2.041055275715097928e+00,1.129133165076282334e-03,3.439201451905626317e-01,-2.276458026131943058e+01,7.528290247506012889e-02,1.942526781078889597e-01,1.198982545740418237e-01,-2.480197721839468572e-01,-3.963378301259962155e-01,-1.032698304946167295e-01,-1.470121311195438096e-01,-4.464115958541426954e-01,5.542035128097683172e-01,-1.290279290088365560e-01,8.752289134018369221e-02,7.177026431266375628e-02,2.259571426027537615e-03,2.767965228189457616e-03,6.209122121379385788e-03,2.508733619810395686e-03,2.715268222695763588e-03,3.733227530234919326e-03,7.640169286450439363e-03,2.666001412627859272e-03,1.857434220457846027e-03,3.300745137430352149e-03,3.383230661834864348e-03,1.200978986677413065e-03,1.748396546590472254e-03
2.259528130671506485e-01,3.520931996092361432e-02,3.298360267838273074e+00,2.402128756049764780e-01,1.772164061972436033e-01,2.086498905630376655e+00,1.274350683051657168e-03,3.466424682395644052e-01,-2.281165163055946365e+01,-1.996662163357175099e-02,1.494624044026357790e-01,3.378659901081653150e-01,1.462892815986096273e-01,2.937823379423151193e-01,3.802976118577281461e-01,-1.177919482040788585e-01,-3.445815095255318483e-01,7.554297146308213140e-01,2.733873745746863704e-01,2.006152440401406667e-01,-7.706461088083765842e-02,1.140472935943764561e-03,3.694026330859599260e-03,7.469086420761226856e-03,2.887244892856514165e-03,5.110397731609258448e-03,9.886960435853951214e-04,2.984005860353026313e-03,4.902967282863530604e-03,6.485061673744020941e-03,3.810085650525270318e-03,1.185537493908508022e-03,2.130605321698633703e-03,2.021873726451732089e-03
2.232304900181488194e-01,3.573070899614566587e-02,3.294628605963767942e+00,2.407724723563567371e-01,1.820235833893309729e-01,2.036612602441478792e+00,1.240046790713551133e-03,3.484573502722322913e-01,-2.261263964860072306e+01,2.464295226578693820e-01,2.348675379782878547e-01,3.066149104852535223e-01,-2.640111821555247706e-01,-2.752588091470066223e-01,1.438746963506718976e-02,1.047376046187815102e-01,5.569418016695021345e-02,7.324352351078781131e-01,-1.207424468957641467e-01,6.646818333548713820e-02,2.443029562264230348e-02,1.740280650650084891e-03,5.648448599437146112e-03,8.607319673127280038e-03,1.383657097559376535e-03,5.837831228495793390e-03,3.048543338902127194e-03,2.915994570107084249e-03,1.859783241056541534e-03,5.585137410004159531e-03,5.399975939053966965e-03,3.864112191582055617e-03,2.536763354047480608e-03,2.092679976346935224e-03
2.268602540834845638e-01,3.622618343246979122e-02,3.291735506171350245e+00,2.451000936221404691e-01,1.765544990763845967e-01,2.055176072156053024e+00,1.206544417858462608e-03,3.493647912885662343e-01,-2.273581034367019882e+01,1.457692414459105523e-01,1.532057935770600177e-01,1.991688788130868693e-01,-1.517757124479722497e-01,-1.875249630445923604e-02,2.226762972835368837e-01,1.695635553000922335e-02,-2.517945246898777856e-01,7.451159714314850024e-01,-2.190449997479949618e-01,-7.994942188657010174e-02,2.204210700888559749e-01,2.700868983151156338e-03,3.020773622215452807e-03,2.676342567639934580e-03,4.447879939943238763e-03,4.871937185691828896e-03,2.654968583154467161e-03,6.253209038744240479e-03,1.067120290078472401e-02,3.284549622666698906e-03,4.487922507135986942e-03,1.989346897869735502e-03,2.530876564937132710e-03,2.300197792574457806e-03
2.186932849364791320e-01,3.835182688541021595e-02,3.267697285911482563e+00,2.292250184579241179e-01,1.742121645637099703e-01,2.013924748810464571e+00,1.322448090427037976e-03,3.457350272232305177e-01,-2.238932363905845691e+01,3.317642198388361385e-01,4.377658428887868935e-01,3.234398809408770004e-01,-2.517336422210488256e-01,-2.226373477874075690e-01,-3.245126358890054047e-03,-2.137100124645659738e-01,-3.166822864680557958e-01,4.619279475913729560e-01,-4.202270396610936071e-02,1.389160162456254122e-01,1.357824335538925474e-02,1.915348399669583547e-03,2.850523102056759083e-03,1.791948730089926514e-02,3.525597484606373799e-03,3.715603244375116545e-03,2.249126822018436989e-03,6.456708431622330130e-03,1.804890651915874982e-03,5.418560702700129204e-03,3.354098450944274345e-03,3.338787780698895900e-03,1.319896432273839860e-03,4.289757245231277938e-03
1.950998185117967243e-01,3.696231967113379480e-02,3.258794088425748914e+00,2.263719597774143666e-01,1.710352928432461728e-01,2.005300961347241451e+00,1.043911581061659957e-03,3.430127041742286886e-01,-2.254321858559963232e+01,1.461978563528423536e-01,2.021893751466543598e-01,4.345060759223833835e-01,-1.340469124307556714e-01,-2.036509025926880045e-01,-1.316241899832885642e-01,-5.503883120769171855e-01,-7.865057973719442597e-01,3.644220354190723654e-01,-2.873522064601245485e-01,-3.212568476950988100e-02,1.300980882914686432e-03,2.512367476074998593e-03,1.627232862323420510e-03,2.083218071251866435e-02,8.635008177938637355e-03,4.175267922591677401e-03,6.785813168875898423e-03,5.959091951068412954e-03,6.291165172509105563e-03,9.954872424505668491e-03,4.882373155378721789e-03,7.279955754656787428e-04,2.185879080497547811e-03,5.171530193665447965e-03
1.851179673321234065e-01,3.849030252321342799e-02,3.296910795722232113e+00,2.262208223295046894e-01,1.713935798899127727e-01,1.946360234295070546e+00,1.221632495080273708e-03,3.411978221415608026e-01,-2.246784126975102680e+01,4.696740951586343971e-01,5.384761395057852118e-01,3.095484782982715344e-01,-5.667806059181973444e-02,-1.175155542608239956e-01,-7.793020371099593224e-02,-4.781636861386771020e-01,-3.296662827001398122e-01,5.262220447038896687e-01,1.080760870151654535e-01,-2.163282324856972971e-01,-2.274763125485735130e-02,2.168665152422844921e-03,1.938044076321562229e-03,4.865092524993559764e-02,1.945441078607295813e-03,6.532853536651330069e-03,8.243263605251050039e-04,4.263979047868236491e-03,2.118587262810186275e-03,7.078822958588160477e-03,5.423321088242501024e-03,2.062302758336193986e-03,3.713480565673955500e-03,1.263606553491751494e-02
2.177858439201451890e-01,3.350201331806663269e-02,3.272025137236094228e+00,2.366037461661071317e-01,1.768650794664932135e-01,2.024079109575041002e+00,1.164600364401203016e-03,3.421052631578947456e-01,-2.286453930486257846e+01,2.276190067312481302e-01,2.126867359122535106e-01,1.548915723034811898e-01,-1.943877704613616031e-01,9.664617405684555740e-02,2.705585298242655853e-02,-4.842525162095530633e-01,-3.269227153525767343e-02,6.606299200666686522e-01,-2.671019919120111163e-01,-8.888148643765089729e-02,2.306756789704685756e-02,1.489924127286821817e-03,2.598019146532717406e-03,1.822750317226624894e-02,2.475016526797563926e-03,4.073305453833485704e-03,8.436168263989367441e-04,4.039906448713460711e-03,5.704735029147892274e-03,6.551930695883678886e-03,3.673902058945449807e-03,5.071124699497494420e-03,3.469392590356881832e-03,4.332393185941171669e-03
2.268602540834845638e-01,3.636256120483018911e-02,3.268270481857973309e+00,2.414923266526432799e-01,1.767190825747384786e-01,2.091109571198322747e+00,1.132940389438575604e-03,3.448275862068965747e-01,-2.270292001304669682e+01,1.359928392461417536e-02,1.071256441723942091e-02,2.369137321082291359e-01,7.725824672487556152e-03,-2.031745892653956387e-02,5.238268050165843792e-02,-2.812730900048449612e-01,-3.923260319909027682e-01,5.973467498945604914e-01,5.688922661107437967e-02,1.127877509039055259e-01,-5.101457429880815880e-02,1.786912867490014593e-03,1.797086609604526836e-03,6.020110717820164811e-03,3.723414026935596092e-03,5.884436965852089113e-03,3.792902412397389147e-03,4.619041112210066705e-03,1.044043819120434599e-03,4.530752973571254734e-03,3.426480307284711542e-03,3.052915014514450201e-03,7.405232118655519962e-04,1.682379656944050497e-03
2.209618874773139618e-01,3.745892100217571713e-02,3.283653745189462736e+00,2.355718333418722610e-01,1.747531936930737939e-01,2.015205206068260146e+00,1.034328252081119807e-03,3.457350272232305177e-01,-2.250952121092917579e+01,5.403801611353086648e-02,-8.331392333407605655e-02,1.855076077392637801e-01,6.011025143380698509e-03,1.106379411484692821e-01,7.692227156134053868e-03,-4.997370451504251077e-01,-2.835552025937793097e-01,6.325371065026900164e-01,-3.870309978036817061e-02,2.449901352425875034e-01,2.223670286130539908e-01,1.377378754192408461e-03,1.216522479454883610e-03,5.528212127101025247e-03,2.832066475050754647e-03,2.632035057216168452e-03,3.311812910435518124e-03,4.350869921741221807e-03,2.424098644384421655e-03,1.592029378252526103e-03,6.027863487543028143e-03,2.014188811565305066e-03,9.621817801275812368e-04,1.598127315042652740e-03
2.327586206896551657e-01,4.135034988491455982e-02,3.290602042623450352e+00,2.448470617828720219e-01,1.739088377569974198e-01,2.034208920275695665e+00,1.085167047739206414e-03,3.439201451905626317e-01,-2.284508095258601656e+01,-1.614637801318746790e-01,3.576443917726500610e-01,4.166463588848101085e-01,-1.989084666808317026e-01,1.100332943214970549e-01,1.671732026130676452e-01,-2.826405174490684846e-01,-2.861268165808232844e-01,5.062626856325794789e-01,1.378219844662505744e-01,2.476561779829189180e-01,-9.731128909543007577e-02,2.019175465004802682e-03,3.413825078576883496e-04,8.149154291027077904e-03,2.098276772057085845e-03,5.508444547256953656e-03,1.228769584311751543e-03,1.754855857950447058e-03,3.516828910901753386e-03,5.215000557033756812e-03,2.531984730477387490e-03,1.983507657690339061e-03,1.332579743668501531e-03,2.151249308352582660e-03
2.236842105263157909e-01,3.051043430811552909e-02,3.298302289324442693e+00,2.395851438983527537e-01,1.748994261998039756e-01,2.062119236090762087e+00,1.111563982233584706e-03,3.484573502722322913e-01,-2.304281758206660413e+01,-3.403817794118791373e-01,-7.555101538687426788e-02,1.444750812315431232e-01,-2.438883865574132115e-01,1.384312308944765091e-01,1.875245285734785106e-01,-1.205209923633744212e-01,-3.032585870519809990e-01,4.424178128302709845e-01,-7.758307569110182988e-02,5.534921243450350963e-03,8.917588058538826468e-02,2.494590424759834165e-03,5.529779906002312527e-03,3.102241222446162558e-03,7.221886652418764690e-04,4.045409284824686216e-03,1.099240556670408146e-03,2.963582145201126925e-03,1.351050739334767794e-03,2.677317096656787847e-03,6.311100627688731547e-04,3.401201648676187381e-03,2.991519683716247890e-03,1.386884422383472936e-03
2.123411978221415586e-01,3.438727564464737901e-02,3.275477209161051118e+00,2.375351234483384644e-01,1.758883520360064179e-01,2.028158003102837004e+00,1.073730026735844828e-03,3.484573502722322913e-01,-2.273430774666980980e+01,-6.331428158901064585e-02,1.807004547789023141e-01,4.412195437036960932e-01,-3.399036539653881861e-01,-3.943345991744302143e-02,-3.868885617705402485e-02,-3.959499973882484869e-01,-1.864614306610170302e-01,4.721097114683975859e-01,-8.628063370563257561e-02,6.905338103973093777e-02,8.557310404490835187e-02,1.777779441481188577e-03,3.720409446438496890e-03,8.942200355473342577e-03,4.126433088435702869e-03,4.836437992083017154e-03,1.885031372369346198e-03,5.802002027878493465e-03,1.270131579214986602e-03,5.765595127729589153e-03,3.344179011021730045e-03,1.753352294095545565e-03,2.278344733693606593e-03,2.167348324939510126e-03
