2.173321234119782175e-01,3.804906121290958787e-02,3.296989002117368006e+00,2.407635034778906613e-01,1.972941090163006228e-01,1.905219401516359712e+00,0.000000000000000000e+00,3.339382940108893139e-01,-2.232848717869155308e+01,8.291494993806629576e-01,3.815913260188336653e-01,5.599894173900760164e-01,-5.733090868632436665e-01,-3.930456398221303105e-01,8.115749534508376155e-04,6.393077055874113457e-02,1.887326105279234223e-02,2.539651484607899357e-01,-1.828812234093237787e-01,-1.542053608566601730e-01,-1.659883633445840001e-01,6.780572046664365415e-03,2.875145220130906516e-03,3.587478314431243043e-02,1.789415895235617338e-03,1.088860686611940916e-02,8.327603751753468331e-04,2.939242531253926163e-03,5.559667788158854495e-04,2.506438443528972819e-03,1.776376087446947553e-03,2.584514051580087853e-03,5.512955881605822138e-03,9.360591303784531955e-03
1.923774954627949230e-01,4.370102888567699989e-02,3.307009048048631161e+00,2.346747938721422677e-01,1.933926521322710534e-01,1.741221744037120045e+00,1.319468233020947446e-03,3.339382940108893139e-01,-2.211957460781032125e+01,9.728504594147774354e-01,4.790797076868919535e-01,5.526532391744283235e-01,-5.073473831922641342e-01,-3.811459050572341134e-01,-1.041689288531031238e-01,-1.277290118176726275e-01,-7.790780018037565813e-02,1.160916748839245782e-01,-3.369659041702315894e-01,-2.850621761481132443e-01,-1.465978734430888608e-01,5.357064612836938237e-03,7.161664545127427450e-03,7.400322885013103924e-02,6.923035042589579559e-03,3.189566488034140460e-03,1.869999453241293682e-03,3.817311152199283440e-03,2.284098869234241474e-03,6.919902934359519787e-03,5.882018952468699539e-03,5.675674147996663012e-03,1.538719734255399128e-03,1.928015184684469044e-02
1.941923774954627813e-01,5.054278880604004542e-02,3.206187911138699054e+00,2.290203437223382321e-01,1.918111722454863832e-01,1.733316410377093941e+00,1.086415586451095015e-03,3.357531760435571444e-01,-2.173303434644583376e+01,1.174697428936906318e+00,3.794696277403560858e-01,6.070181254493103307e-01,-6.206034340598637344e-01,-5.871153735469260004e-01,-1.185581704312356072e-01,9.517896355275456965e-02,-1.967014720358344626e-01,1.573770189501406680e-01,4.516278877853184548e-03,-6.857123088352870544e-02,-2.578849212652563061e-01,5.852738839062205690e-03,5.431737364058563527e-03,5.054310351327041123e-02,1.361410825564132732e-02,5.536285859043216066e-03,4.467935819377583280e-03,3.414032677398632851e-03,5.928738099456924921e-04,5.617201335336234960e-03,1.046278383173035627e-02,4.351047193888710023e-03,3.293436454787645757e-03,1.281179118927495281e-02
2.087114337568058142e-01,3.857166084261789279e-02,3.282954940986038128e+00,2.358440865618865734e-01,1.903532175105748514e-01,1.867530034485833434e+00,1.096178180892643916e-03,3.330308529945553708e-01,-2.228237970466764395e+01,8.277602044747591759e-01,3.694571301522464046e-01,6.255851414721712578e-01,-4.235831579274730863e-01,-5.592823021958769347e-01,-2.072201741493825411e-01,1.341641463705181558e-01,9.868388629233193488e-02,4.475487388526416810e-01,2.831166876080299863e-02,-3.848226181741899454e-01,-4.074429268894680933e-01,1.104336002545667182e-02,1.102301105013050835e-02,3.705027988241531983e-02,5.436367356704480298e-03,5.975851240658827841e-03,1.022127384395601565e-03,3.719058017400670661e-03,1.516261781147139245e-03,4.243084307484739325e-03,4.294230585002590216e-03,2.725112899553602201e-03,4.902268439093777387e-03,9.338708169717194543e-03
1.928312159709618945e-01,4.245806569981527834e-02,3.278115604531554705e+00,2.401729023917885675e-01,1.924070836238446214e-01,1.857669990425582007e+00,1.258196297916783528e-03,3.348457350272232569e-01,-2.223955298425193661e+01,7.126427728002858730e-01,3.331381505105023844e-01,3.800002360182900274e-01,-4.184981812592225570e-01,-2.539301873609706717e-01,9.943884193456177523e-02,8.720992159816147449e-02,9.093080151041841273e-04,3.895845680036617575e-01,-1.077058974299416327e-01,-1.251916491052603997e-01,-1.560849312660365362e-01,3.529737744242830363e-03,1.441378142321776169e-02,5.660062216548368552e-02,3.148077746529283696e-03,3.369782764651644072e-03,2.015721933901793404e-03,1.624587831804409242e-03,9.788675973152994540e-04,9.119475291925980068e-03,8.725564799268474211e-03,4.648044078192809479e-03,1.323945140706632309e-03,1.482193097552057456e-02
2.100725952813067288e-01,3.302128672385976071e-02,3.262831966547218077e+00,2.403370419472477815e-01,1.936800529707517760e-01,1.971514190044594050e+00,1.343098319631917757e-03,3.357531760435571444e-01,-2.236055931557800136e+01,7.994829504301764755e-01,3.435091723153576582e-01,4.385111747966795592e-01,-3.177828992822757659e-01,-2.306562150059951188e-01,-2.600965519440996340e-02,-2.445457908386762247e-01,-1.077391678716080464e-01,3.782219276427059573e-01,2.542561442878749078e-01,1.174461703135069868e-01,-3.178857886839490943e-02,5.277579326541766841e-03,3.163553400071641552e-03,1.986785748286654801e-02,7.539085512800403760e-03,1.521137547448466430e-02,1.138593170170400584e-03,4.603882705562982285e-03,1.054161552166169198e-03,6.403021995480501910e-03,5.708231366384833305e-03,6.795195971006428443e-03,3.552243623810222295e-03,5.317086110297872779e-03
2.150635208711433877e-01,3.980130889886934753e-02,3.296687400458729211e+00,2.413100504646694955e-01,1.905001330353566780e-01,1.896300006943652416e+00,1.526078093737630662e-03,3.402903811252268595e-01,-2.228547640201061952e+01,6.034123613176395340e-01,6.906381081903753549e-02,5.395866349421808428e-01,-4.761114165586581848e-01,-5.361374269054065556e-01,8.545334936699126166e-03,3.762832947792832394e-02,-2.054363235137261212e-01,5.426838171985793879e-01,1.539231197401412232e-01,-1.763576762697219580e-01,-9.191015170382496602e-02,9.802989028759119886e-03,2.384132212780811291e-02,8.501180774052751257e-03,8.794298585902740259e-03,2.132506701579136091e-03,2.454945088173518877e-03,6.662400638608598040e-03,2.071078357087655520e-03,3.970453505881193362e-03,4.842764938155458103e-03,1.846625986951746850e-03,8.941060066649837582e-04,6.040184234540388504e-03
2.186932849364791320e-01,3.490466264435321264e-02,3.286147134846489681e+00,2.386449996252010541e-01,1.911774081177101958e-01,1.937921286531682830e+00,1.301874966402950676e-03,3.411978221415608026e-01,-2.219121579937939970e+01,8.209629573785969248e-01,6.390948391461413747e-02,3.189273987385423115e-01,-4.655150150234486084e-01,-2.367679038840925509e-01,4.997176380145190722e-01,1.899564018026394796e-01,-1.020043823084529067e-01,3.201789746553390104e-01,1.253832096303152677e-01,6.523543828021033386e-02,-2.682060246386306149e-02,6.884803040497666088e-03,2.273919786626800704e-03,9.656390880554425321e-03,4.495480490249350279e-03,1.509828589639247882e-02,4.262822357734156846e-03,4.863557028810438533e-03,3.831264453108937113e-03,4.760297703360344933e-03,5.000019003526315169e-03,3.813977095767941399e-03,4.144411621469792049e-03,3.318402851323244782e-03
2.109800362976406440e-01,3.265294687249325339e-02,3.298643688543662300e+00,2.379643310664116551e-01,1.875878776413775206e-01,1.961400563312346135e+00,1.343725304167632528e-03,3.384754990925589735e-01,-2.242748118457560125e+01,6.569079524199936682e-01,2.366473078364176308e-01,5.543956901939237625e-01,-2.598981700342679613e-01,-4.722739047204718155e-01,5.660445537606954847e-02,1.279660583691333287e-01,-1.314657839277258156e-01,2.097257551927466657e-01,-1.206184907911548865e-01,-1.575251952651500198e-01,-2.812036216471526517e-02,2.604235031584230774e-03,2.033587855609128928e-02,1.829106913036962490e-02,3.513490932320049911e-03,3.069818568044085060e-03,7.661573098119175626e-03,5.067768065065536565e-03,4.817726086149890213e-04,5.090861138434384092e-03,5.591169325695793252e-03,2.485868382496563521e-03,9.664080259971779153e-04,6.156407078869356383e-03
2.078039927404718712e-01,4.459166605098609931e-02,3.266676068614766670e+00,2.385050257034277421e-01,1.896746379063419252e-01,1.932585625305495824e+00,1.231219932848514340e-03,3.339382940108893139e-01,-2.188492115985671660e+01,8.936943294479443578e-01,2.757605433417957830e-01,5.618846638984753561e-01,-3.726711143570554663e-01,-1.868452675991225109e-01,1.647752770499361918e-01,1.012851855776757404e-01,-1.198352885906602133e-01,2.150667462654438089e-01,-2.568505511450394629e-02,1.056742997668439453e-02,-1.438453080359991809e-01,2.878610313412843617e-03,2.358147906371286726e-03,3.560907735746428326e-02,7.990706225557805270e-03,7.065158368756062346e-03,4.320071692592405282e-03,3.517373418688187706e-03,8.584879296824578709e-04,4.657062428901110815e-03,5.633444453385067809e-03,3.599141334781936260e-03,4.476593846488892935e-03,8.851682305119889030e-03
2.068965517241379282e-01,3.995653418933288459e-02,3.306553226069484097e+00,2.429719149839062176e-01,1.913955294796735040e-01,1.935355672305612673e+00,1.051336455270592430e-03,3.357531760435571444e-01,-2.219446816454532367e+01,6.600901623265689189e-01,3.331653736847579594e-01,4.555474960817166297e-01,-5.143967531388620174e-01,-2.609663501582102363e-01,1.323681222983904560e-01,-1.198062323296158749e-01,-2.394719119152813325e-01,1.891256268124407725e-01,8.656961368294042308e-03,-5.115588329739861190e-03,-2.122775557971622873e-01,1.959244064786314510e-03,5.143619964409428501e-03,3.327628413133795066e-02,9.473831034148902722e-03,5.369197820928196981e-03,2.415577482341559837e-03,1.736615432416333807e-03,3.569686354067662642e-03,5.881935791635394851e-03,1.297707958245231802e-02,3.285089768819747166e-03,3.718511430204308240e-03,8.407258572836908903e-03
2.218693284936479049e-01,4.453528104691791695e-02,3.289979890781502991e+00,2.366583422230824907e-01,1.841225743780759427e-01,1.888717016734935861e+00,1.013342757305076697e-03,3.411978221415608026e-01,-2.215387803684989265e+01,8.702325914517538008e-01,4.995258526695458001e-01,7.093581644987777546e-01,-4.410295218907164250e-01,-4.901649963416905287e-01,2.886053793126857822e-02,-5.182186684475801469e-02,-7.653354434086187541e-02,2.850116210694544350e-01,1.328397278139309134e-01,-1.605841276507743998e-02,-1.043249873652316029e-01,3.187023919300892554e-03,2.152434676575148715e-03,3.850545835815078616e-02,4.047929888650882504e-03,5.906307804865344908e-03,1.235164973101877690e-03,5.392007101491238900e-03,5.439727552697853951e-04,1.019186292413124667e-02,8.501070966381876759e-03,3.092963408553344590e-03,4.327637551289483311e-03,9.798370914841465426e-03
2.196007259528130751e-01,4.294349362836503287e-02,3.287422216179280987e+00,2.352014808412647429e-01,1.868795389238363802e-01,1.885923995953557197e+00,9.532287833049880128e-04,3.393829401088929165e-01,-2.208657751290171944e+01,7.078016182037512039e-01,2.153516742931314287e-01,6.437145416027468814e-01,-2.839523751796803053e-01,-3.472896122140031183e-01,4.951243410247572335e-02,-1.258810027501730822e-01,-2.566915040407774518e-01,1.015616352504339764e-01,-9.098341804155310464e-02,-2.485794714311149317e-02,-1.158697581934357429e-01,4.423125184442392756e-03,1.173522785009410751e-03,4.604885024072247202e-02,2.646745098753319585e-03,6.168325227190656589e-03,1.148561994848122268e-03,4.804984551420941018e-03,2.713846916997354579e-03,7.502540242682164545e-03,3.445578443456751277e-03,4.434132347658902885e-03,3.480967132823179714e-03,1.180747691484803838e-02
2.064428312159709566e-01,5.101472482898510019e-02,3.263851770738702029e+00,2.352028165415599170e-01,1.909230535633321957e-01,1.771946833166883950e+00,1.188283072114313483e-03,3.402903811252268595e-01,-2.197889380036760443e+01,1.147295306732484699e+00,3.429470683657018237e-01,4.459925134299085880e-01,-5.346561762786988803e-01,-3.023926578702320622e-01,2.822399226890879853e-01,5.433866254074935093e-02,-2.917014350304821257e-01,3.162699396836258225e-01,4.302281914648414807e-02,-2.356583050551114833e-01,-1.480839886812668482e-01,1.348830467347443595e-03,1.242672217711971241e-02,6.001918871535361771e-02,1.220807937197054133e-02,1.199724420888384838e-02,1.909578716881134633e-03,3.490364474928138189e-03,3.162990185921872805e-04,7.387417678191460745e-03,3.177732221510826995e-03,2.568051690862689987e-03,1.608647512298198162e-03,1.573726829012628975e-02
2.123411978221415586e-01,3.792066164280599033e-02,3.312425601454721757e+00,2.430448425825097736e-01,1.897479958351638296e-01,1.916102964268042275e+00,1.206123929887102132e-03,3.366606170598910874e-01,-2.254841647188859355e+01,6.967250711323402790e-01,3.162870514441558090e-01,7.197436657032657559e-01,3.705427262468199284e-02,-3.377181576826039922e-01,2.047880553708577023e-01,9.603645062560879631e-02,-2.061792150235985943e-01,1.266079664011943717e-01,-1.692781662025349132e-01,-5.017820192247757216e-01,-2.447494823044887857e-01,3.428620546528855437e-03,6.893826743900472072e-03,5.539537934594787605e-02,9.376646574361739359e-03,1.358918719922649248e-03,1.966333436900827378e-03,7.627033053354441601e-03,1.698771899658053528e-03,1.799355665230361993e-03,3.601755327344002919e-03,2.635081074913048476e-03,2.444398115120002910e-03,1.445602120003755021e-02
2.005444646098003547e-01,4.510653080756459044e-02,3.299179428428584693e+00,2.299076935449509418e-01,1.910106167994827797e-01,1.767124173763918060e+00,1.206038183679346027e-03,3.294010889292195987e-01,-2.198590334464103790e+01,1.045578501046332320e+00,4.422264068080322130e-01,6.213656691718627556e-01,-3.697348624649597904e-01,-1.984091135955564633e-01,2.939884240133410764e-01,-1.576588643409942425e-01,-4.656201924997017266e-02,2.098811557257341393e-02,-1.509753181422356649e-01,-1.447070564936724923e-01,-1.823484363993400914e-01,2.936796165647750489e-03,1.834293044503170628e-02,5.399748708725599089e-02,7.542252694227141209e-03,9.140310057384470888e-03,3.096376139580765859e-03,2.556619325374349851e-03,6.699272159574196561e-04,3.279658430003411316e-03,2.534161395192899291e-03,3.475883625604288783e-03,1.361249620963737817e-03,1.431797964543475750e-02
1.846642468239564350e-01,4.582399091972111371e-02,3.266288359673702679e+00,2.288371837845498413e-01,1.892064715410188558e-01,1.829158131729750503e+00,1.389435626999369370e-03,3.312159709618874848e-01,-2.185163057549699062e+01,1.063764609417370499e+00,1.134063015578984784e-01,3.742974110293133538e-01,-3.384999870479252215e-01,-2.612203986229063579e-01,2.134731674663049861e-01,-3.860252096413799294e-02,-1.926254231737163092e-01,2.952680824606573884e-01,-8.791768585969025884e-02,-2.602322420417526594e-01,-3.067011670011877134e-01,1.120148124057898480e-02,3.222609510787885490e-03,4.907401076398120593e-02,7.291811347109980988e-03,5.716729317131508809e-03,2.337386434490428769e-03,4.874930024708970522e-03,1.055470115468381794e-03,2.460933309096401470e-03,1.167017599845488265e-02,3.008990492271097598e-03,2.168589103137661019e-03,1.262782033359579996e-02
2.118874773139745871e-01,3.760396641372579229e-02,3.289999306952680502e+00,2.380731498886681230e-01,1.952262720440001709e-01,1.912579904568654454e+00,1.620979855963169524e-03,3.375680580762250305e-01,-2.222081168670663942e+01,7.523310408109321612e-01,1.910308424131026972e-01,5.665537589569152876e-01,-3.162960470250933409e-01,-3.504910095509871648e-01,-1.603776980356064544e-02,7.329987193855597161e-02,1.903865182767014441e-01,6.003407660130858359e-01,2.274812087776831304e-01,-5.056220413331210389e-02,-2.896807916241472824e-01,3.988366531373939775e-03,1.261705878563811924e-02,1.005871218003579273e-02,7.916676811826594759e-03,6.192675957330292212e-03,3.060574030189963310e-03,3.980213723775366703e-03,5.064193763509778658e-04,6.066976223948240994e-03,1.439288428647345595e-02,6.005702116026538986e-03,6.651123578274526459e-03,3.811847910630494340e-03
2.141560798548094446e-01,3.487543655511005786e-02,3.293719858907421028e+00,2.405903694058775522e-01,1.923001349518582148e-01,1.926426220471840978e+00,1.214462541524070514e-03,3.375680580762250305e-01,-2.230966666683637101e+01,7.557733958413535014e-01,4.807689878778870218e-01,3.883426289271969534e-01,-6.224458448168010971e-01,-2.756597608661775500e-01,2.558020026982548711e-01,1.016361468278794977e-01,8.220754557070773794e-02,2.460729676864893134e-01,1.292365967258890802e-01,4.067616657237126121e-02,-2.530659388389402877e-03,1.229518523974019312e-02,6.380251760401512567e-03,2.936643742416194039e-02,5.920235634420810411e-03,5.371068048896199265e-03,2.625150185496389222e-03,3.406605652764558602e-03,8.058473620052345431e-04,7.109259974672372043e-03,4.792197379322342410e-03,1.675350356729216842e-03,3.308362656172275391e-03,7.358166495439227156e-03
2.091651542649727857e-01,3.796277470129792719e-02,3.277773791723714858e+00,2.361073220415561835e-01,1.893284242828413566e-01,1.939696317325752428e+00,1.303032610156252755e-03,3.393829401088929165e-01,-2.221392987077478409e+01,7.606133580324497823e-01,2.595194559419690683e-01,5.436619083451269541e-01,-1.598082860407349370e-01,-1.642238164418919899e-01,3.679957457568950874e-01,8.722999179469632242e-03,-1.633781598018303194e-01,4.209383440653387543e-01,1.982934248582640113e-01,-6.587894972175849240e-02,-1.642310612397797909e-01,3.805615027308858339e-03,1.529783542559205083e-03,3.513349678722607616e-02,1.824807325885265726e-03,1.022810224789674934e-02,2.126799963058526987e-03,2.475253393295876077e-03,3.095648634864307715e-03,4.075663183906071997e-03,6.747908175082482744e-03,4.044256433103061640e-03,1.081312384531130317e-03,9.016472780567288958e-03
2.055353901996370136e-01,4.626234195077042616e-02,3.255248348037615980e+00,2.327494749068336755e-01,1.924612709639038910e-01,1.792659734875573729e+00,1.332985142706614393e-03,3.312159709618874848e-01,-2.182245546060259755e+01,9.452145870742445499e-01,2.150551337263284790e-01,2.093004265982472967e-01,-3.553697861155200588e-01,-2.847965468020531854e-01,2.752241872213255502e-02,5.445363632548309851e-02,-9.464609001470500327e-02,1.028171197995554481e-01,-1.766752658931654840e-01,-9.698957257411792987e-02,-1.171204361299854058e-01,3.394768171615216226e-03,1.595188688461747842e-02,5.690142478523979586e-02,1.015716115232510527e-02,2.671178615146131696e-03,1.903049209257069328e-03,3.617010829824248742e-03,1.410636497519706040e-03,7.298363640163819076e-03,2.879333405632542725e-03,4.343995457485299444e-03,1.635742645802697485e-03,1.490931497095300019e-02
1.973684210526315819e-01,4.017131765289638085e-02,3.306755057110854157e+00,2.346568418604955131e-01,1.938524227909003694e-01,1.849940391380824334e+00,1.012349011515659147e-03,3.330308529945553708e-01,-2.218517063597320416e+01,8.402189485428136484e-01,6.590705125913274287e-01,4.324956718852699389e-01,-5.724433966137436602e-01,-6.720067883168582279e-01,-2.158595428274297234e-02,-1.738751437451644399e-01,-2.239376452976291620e-01,1.931201682255995478e-01,-9.939920190157576496e-02,-1.432465617577416417e-01,-6.986260881707156978e-02,2.583898924530744767e-03,6.195358400597334586e-03,5.716956826233071665e-02,3.552379320468570124e-03,6.937076759639432440e-03,4.957137064030323927e-03,5.610412068456656527e-03,1.498228184788435741e-03,6.255323895933878435e-03,8.631401156705907282e-03,5.914122016989253709e-03,2.624276780948564536e-03,1.456004117035617981e-02
1.914700544464609799e-01,4.871767481205172695e-02,3.252985858932098573e+00,2.308203193043587842e-01,1.874287215866020373e-01,1.809028748413433085e+00,1.022291699862357562e-03,3.357531760435571444e-01,-2.192147762165560110e+01,9.172699445617547021e-01,2.340801308580354734e-01,4.435436899906100572e-01,-4.595354044988024245e-01,-4.076659374361100152e-01,-1.542634255942637589e-02,-2.752584381017816537e-02,-1.063956748889513249e-01,2.824333499468587028e-01,-1.287849798606446605e-01,-1.794592965528512829e-01,-2.971362335093082896e-01,6.355932726155305926e-03,7.654734919992477876e-03,5.683810956254557734e-02,7.585100775325148703e-03,4.515740024059438328e-03,2.322517709979968984e-03,1.365322980775898623e-03,1.006453925156217729e-03,4.349019953361853846e-03,6.632168229021014744e-03,6.589601868175037555e-03,3.110572858685557371e-03,1.458850781267096060e-02
1.914700544464609799e-01,4.311786068077375078e-02,3.281268417545728955e+00,2.372093040418380150e-01,1.898857619123278107e-01,1.829889947863515554e+00,1.130728940708982614e-03,3.339382940108893139e-01,-2.225020245755096227e+01,8.545623998003308852e-01,2.417026345599260218e-01,3.557891253729565939e-01,-5.550674075088092296e-01,-4.969696836678038077e-01,7.022104688499375413e-02,-1.742063758854842104e-03,-2.523359598980471352e-01,-7.507611622516754957e-02,-1.222026671137447923e-01,-2.487884687017105911e-01,-1.990784270452012061e-01,3.480775403612635256e-03,7.659601649549194202e-03,5.984521530680819018e-02,1.023240069052641990e-02,3.916759519435862938e-03,1.121417191478345319e-03,3.959282326825938440e-03,1.103812078372639564e-03,2.474590201166392174e-03,1.737115499957850306e-02,3.323047774348955596e-03,1.633441644200887312e-03,1.578062597491826022e-02
1.964609800362976388e-01,4.430495199037427778e-02,3.298231191330191603e+00,2.299586343370912667e-01,1.884710682247825453e-01,1.846419740876468429e+00,1.467551857474611162e-03,3.303085299455535417e-01,-2.196674419762914710e+01,8.255585592184723209e-01,1.840171478560450880e-01,4.085747682584695561e-01,-5.389795065233700111e-01,-5.302167811355265048e-01,1.769738113230246157e-01,1.090819613264160798e-01,1.048803466542536644e-01,3.488278097819341728e-01,1.248755992789885999e-01,1.949352701046009814e-02,5.338173349470873991e-02,1.003032438546256483e-02,2.079119337249031238e-02,2.057581374294348980e-02,2.728767972024258824e-03,1.009523005518271101e-02,2.608716608895292766e-03,3.440532407571617133e-03,1.842875151800975548e-03,8.648986023572391435e-03,7.207372619643339327e-03,5.457077571296695996e-03,1.622168288226743475e-03,6.415774540289527483e-03
2.218693284936479049e-01,3.794475497484826876e-02,3.287555630504397364e+00,2.478035229166494213e-01,1.953619505110564536e-01,2.007763011444113399e+00,1.312077855856271522e-03,3.430127041742286886e-01,-2.221906962678767528e+01,7.253146034068511661e-01,1.185897942860488496e-01,4.643304758913203156e-01,-3.720591042907377965e-01,-1.130091029062124802e-01,5.735004217649627284e-02,5.813569704446122643e-02,-3.173416698759846943e-02,3.956089474802196859e-01,-1.201375729973237216e-01,-2.531823840114781343e-01,-1.839830254864008308e-01,3.750314354985946706e-03,3.791767513969030237e-03,9.911719330708555417e-03,1.358556239904641291e-02,7.032641483960047450e-03,1.908396086192097434e-03,5.896307962885180380e-03,2.600469645250869447e-03,5.842116106147356158e-03,5.134965486018697525e-03,2.208012583041064295e-03,3.588373983276816042e-03,3.282872019485934181e-03
1.960072595281306673e-01,4.131889456223811208e-02,3.290263923828992798e+00,2.344848196249055827e-01,1.923148269805919630e-01,1.910563330971729368e+00,1.198924649018766331e-03,3.357531760435571444e-01,-2.207669655217626214e+01,8.531273373251011538e-01,2.375314150672531710e-01,3.084480832195790057e-01,-5.946221193822643913e-01,-5.281927724000468061e-01,1.598114732802831950e-01,2.564701740249247242e-01,1.223341997822285226e-01,5.275829010968009491e-01,2.291629423813453838e-03,9.876384931918406884e-02,1.544804171898835343e-01,4.719299932234899235e-03,1.226750883936092613e-02,1.622320051684097639e-02,5.904065065100854402e-03,1.419246132787852811e-02,2.443514424636740630e-03,2.386817945595244312e-03,5.958637830209720333e-04,5.598375905612870337e-03,4.063699153682058009e-03,3.963482212510513469e-03,2.790788194504177297e-03,4.873399689802273942e-03
2.064428312159709566e-01,4.379310187904311008e-02,3.277973524004721195e+00,2.300887682750019925e-01,1.908808877436638518e-01,1.832318299404364970e+00,1.222423580100309194e-03,3.321234119782214278e-01,-2.195344785957369993e+01,7.650258271497738516e-01,1.805301046178864055e-01,5.122278135391240550e-01,-6.711916153641063199e-01,-5.391058475351364621e-01,-2.539742883236568993e-02,-1.017142032253820355e-01,-5.730964819649518593e-02,7.307473712781779873e-02,-2.112513745452098690e-01,-3.348147754145828769e-01,-1.671076246805846821e-01,4.642159333698319713e-03,1.702517735893274362e-02,2.477693200964465811e-02,6.634233690717294789e-03,6.292695745241836183e-03,1.252661488500034660e-03,4.160966724164813502e-03,5.025163012459520637e-04,7.502728588467811981e-03,1.009974112543145404e-02,3.830299093233014741e-03,3.058690951108051885e-03,6.700033868984272764e-03
1.851179673321234065e-01,5.027924006170280541e-02,3.272385572500207562e+00,2.349386830735847309e-01,1.914263084903886636e-01,1.748738695674427746e+00,1.407127351606745225e-03,3.330308529945553708e-01,-2.219310949349862128e+01,1.014137876060916099e+00,3.843675305977386492e-01,5.081400120646356600e-01,-3.136637735609021371e-01,-3.303607033344472255e-01,7.606486074502293027e-02,9.924622569637263358e-02,-6.973329225932209385e-02,1.459121711851578684e-01,-5.138470908323482939e-02,-3.810748085157152076e-02,1.113690723962517670e-01,3.059368880538376398e-03,8.773595379690779170e-03,9.196092188014416691e-02,3.261194473712682607e-03,1.210370649530873727e-02,1.123730417065473171e-03,3.649887896045525201e-03,1.040234200091783110e-03,6.905325917853364845e-03,2.176273588883303935e-03,2.995468355519521637e-03,1.355744989652225060e-03,2.446569020721204094e-02
1.737749546279491741e-01,4.380471383718403944e-02,3.303519493484438296e+00,2.347230573562343325e-01,2.017338159291768573e-01,1.659007935208070217e+00,1.242339185539043404e-03,3.275862068965517127e-01,-2.201536561900086753e+01,1.036923341324210712e+00,1.313253877973911965e-01,4.650726586037113863e-01,-4.003401109655757573e-01,-5.296226934954976207e-01,-1.756679621681639381e-01,-1.965732672576087359e-01,-2.099392541805364942e-01,1.240185210092664830e-01,-2.497124902228468613e-01,-2.254014159409256923e-01,-5.753018302482304502e-02,4.350891046998619366e-03,1.287699909111693700e-02,8.463039308638398150e-02,9.383070193087856767e-03,4.098045766499528592e-03,5.454235411817408286e-03,4.213584418523735886e-03,3.126743564168706947e-03,6.779913882912663378e-03,3.574531467112089175e-03,4.289588414874999367e-03,2.405486384702341680e-03,2.205216810377794504e-02
1.833030852994555482e-01,4.986571247137609741e-02,3.309983220129977699e+00,2.388333936662400403e-01,1.949602614431172054e-01,1.716884714629139719e+00,1.261423933512345781e-03,3.339382940108893139e-01,-2.196315610290846720e+01,9.544188748099905473e-01,4.027115081143740061e-01,6.962501816326288617e-01,-1.371709952797925403e-01,-2.263053248749160862e-01,1.410064303296492128e-01,-1.942279567964783626e-01,-1.681755063732245647e-01,-3.310372725059670257e-02,3.240208372778782125e-02,3.702355528903647497e-02,-2.273691465902378250e-01,3.266421543200798399e-03,1.120257911086457950e-03,7.752690332598358158e-02,1.129501946275169276e-02,7.983517613574069027e-03,2.901963580288204666e-03,3.862152323023378651e-03,1.716498528739325872e-03,2.508586376891159490e-03,1.331835335169774363e-02,4.796693818139524321e-03,9.698167403540288150e-04,2.043620693895585941e-02
2.096188747731397573e-01,4.899017756594915146e-02,3.270182860844739636e+00,2.393337347478342036e-01,1.941368887511531749e-01,1.803253949540722267e+00,1.099092405214980575e-03,3.348457350272232569e-01,-2.197511057806583423e+01,8.833271127207200646e-01,2.417831265192974255e-01,6.289236413634379241e-01,-2.532064566426210916e-01,-3.150855495634841130e-01,3.117015751144949220e-01,-1.953818682277556340e-01,-3.223427334665616983e-02,3.369165852328419031e-01,-8.378646040026022090e-02,-1.325996538672696290e-01,-1.433117742308395448e-01,2.508936285983677950e-03,7.289424339968439762e-03,6.148946325461376872e-02,6.728307396129385581e-03,3.053165958687492718e-03,8.196566510154835875e-04,3.342235819608017997e-03,2.885409077503947074e-04,4.730382162348948510e-03,5.535407153636843700e-03,4.939567283831944669e-03,2.419235825786558540e-03,1.608210391466599956e-02
1.724137931034482873e-01,5.463550005381224983e-02,3.287120722203150880e+00,2.291096517090856211e-01,1.935850824590247266e-01,1.663753668181874978e+00,1.007197624140889836e-03,3.221415607985481100e-01,-2.181087069232394171e+01,1.135681469479050687e+00,4.241406895058116855e-01,2.875212048481609051e-01,-5.595233867111352177e-01,-2.046849223065715928e-01,2.358183712735280324e-01,-4.693445164660529217e-02,-1.197290887374104079e-01,1.700342789496993301e-01,-6.187768676167759718e-02,-1.423060933355740632e-01,-2.095481083520647214e-01,2.884778851017123693e-03,8.080514558638035583e-03,9.858369733261822254e-02,3.666505069835736610e-03,5.396952103444574086e-03,1.739464809171411760e-03,2.626567510289380420e-03,1.144251957804901356e-03,3.746422622608026887e-03,9.307002420954424080e-03,1.920609393635585487e-03,1.356363919690240817e-03,2.631290439588151661e-02
1.819419237749546336e-01,5.208403905774295489e-02,3.281595924675447140e+00,2.359715539133273587e-01,1.997186707018489271e-01,1.670733096417668984e+00,9.323356470826181302e-04,3.312159709618874848e-01,-2.196885900527162150e+01,1.288278103150464204e+00,4.364421462331030122e-01,4.093828359488796420e-01,-5.321724901208876313e-01,-6.184092901440958467e-01,2.077994084234181527e-01,-4.120457424069715047e-02,-3.256354053084906663e-01,2.796815543386856340e-01,-1.861293622907219392e-01,-2.718280520222318142e-01,-9.708808209369937381e-02,9.653936395839925189e-03,2.287954185534038683e-03,7.963006451620040227e-02,2.079932904651429076e-02,4.290792228804609677e-03,4.346203684013886202e-03,5.054797234875089626e-03,1.116232145728478535e-03,9.700109249493459040e-03,4.826329708766321537e-03,2.443936919318620213e-03,4.050793779009143232e-03,2.090768463548778322e-02
1.764972776769510032e-01,5.428088790445043110e-02,3.291176757859732405e+00,2.393981069390923866e-01,2.001651576569221380e-01,1.718455181415978972e+00,9.468645332082971291e-04,3.312159709618874848e-01,-2.192062864866141325e+01,1.007694194118792019e+00,5.375965698515651203e-01,5.315103687530600141e-01,-6.024584549281677415e-01,-1.986977263961765272e-01,3.674974354300156176e-01,-9.401642931590518948e-02,-3.834452872832870840e-01,2.248202781019375263e-01,-9.418693734612557100e-02,-6.258055050906072281e-02,-2.028602617128724694e-01,6.121426595798541703e-03,8.002568843857174943e-03,9.058566088882784306e-02,3.033194845069184676e-03,6.522493035694902630e-03,2.154667067410772144e-03,4.358987939821691755e-03,1.425564460794003473e-03,5.477995007229635553e-03,4.407322418380395408e-03,1.793451657228494443e-03,1.251407550924581733e-03,2.400889758117276049e-02
2.463702359346642556e-01,4.018906873022636689e-02,3.275943538094463481e+00,2.510774194179191676e-01,1.916703086781240684e-01,1.926369417249297333e+00,1.390053779888107688e-03,3.439201451905626317e-01,-2.221322190624494297e+01,8.684773506821261702e-01,1.938939195121783254e-01,5.448055826784526934e-01,-1.606945253229593029e-01,-2.599841498727828437e-01,-4.482312750190100420e-02,-1.166528839749574331e-01,-3.078081201312327653e-01,1.080258458405960326e-01,3.730711679490854304e-02,-3.692196878575207397e-02,-2.383411807882502287e-01,7.411694513719372518e-03,1.448396769535444713e-03,2.074775212942535363e-02,2.269117383275768077e-03,3.574099555661847116e-03,3.766028283751836521e-03,7.394412441982350405e-03,1.536827575438906536e-03,7.407613411771690054e-03,4.750051935896908509e-03,6.541283172203602239e-03,1.256607273620487025e-03,5.098505495279555787e-03
2.164246823956442745e-01,3.742806418295682030e-02,3.275210893253781563e+00,2.417650428891550130e-01,1.930989214937126885e-01,1.912060030882213324e+00,1.326904583368347830e-03,3.475499092558983483e-01,-2.228121301340793892e+01,8.352170952058480813e-01,3.259144300107000847e-01,4.768893245038460793e-01,-2.708397148229493290e-01,-4.717874033964667979e-01,-2.529914514542407344e-01,6.971859014185735615e-02,-1.639426242459247549e-02,8.997200478441617910e-02,-2.560314890146118683e-01,-2.549285351929360677e-01,-2.495982659331145437e-01,1.606748915098534652e-02,9.929243209204380305e-03,3.024712483353516473e-02,1.317392321499479338e-02,3.928692243945974653e-03,2.781063050164432355e-03,1.998105544132329058e-03,1.142802469727210090e-03,7.194341401589743161e-03,3.043100353141536384e-03,6.725721345539132506e-03,5.880448754102133094e-03,7.882418577822132566e-03
2.000907441016333832e-01,4.005951462239066424e-02,3.279599190683465615e+00,2.290457434161739803e-01,1.899075229458422887e-01,1.814450490609962552e+00,1.226091101892419532e-03,3.430127041742286886e-01,-2.201233261622934378e+01,9.878945517903053863e-01,4.213439066462922877e-01,6.912365087147086529e-01,-2.433917161316680733e-01,-2.201922683097878031e-01,-5.286716023505337765e-03,-1.480554263946584348e-01,-2.230319759796835777e-01,1.527357408680339312e-01,-1.042316378874164062e-01,-8.050033871777567684e-02,-5.451950284337826053e-02,1.084483882008668160e-02,2.700217110897989992e-03,4.815114508759960749e-02,7.304891105652902214e-03,1.570842746853889221e-02,3.376700478950900915e-03,2.935813394978210519e-03,1.050348549158587738e-03,9.457508112012799964e-03,4.875618693488514843e-03,2.728605167878423669e-03,1.294875346471075156e-03,1.248599072515911741e-02
1.637931034482758563e-01,4.829126933699018354e-02,3.286205356704471114e+00,2.298559544616635697e-01,1.978632774395819305e-01,1.657087958853971310e+00,1.255046013574947919e-03,3.303085299455535417e-01,-2.196074115484330491e+01,1.124466090850345656e+00,4.979920436259145933e-01,7.896878387569334912e-01,-5.065553976265726316e-02,-3.828585719938853993e-01,-1.820107121299693320e-01,-1.515595169174918377e-01,-1.326886784869352742e-01,1.693769908047967343e-01,-7.811313209375010669e-02,-3.355211114334621381e-01,-1.147825161790613502e-01,9.854451754044086034e-03,5.877366369824723116e-03,8.519770768155247864e-02,1.258002984525381611e-02,6.087764449417482245e-03,4.820643843992114368e-03,9.174978867801743959e-03,2.145459254616900431e-04,6.589586063190358903e-03,4.013946609322547286e-03,4.467283308661921387e-03,1.498351086558023532e-03,2.215549935600908890e-02
1.878402903811252356e-01,4.881718105284144071e-02,3.260232521648275927e+00,2.363056891723503417e-01,1.932695558426738847e-01,1.684784918030462375e+00,1.167298163039152915e-03,3.294010889292195987e-01,-2.204563321180067703e+01,1.195579071685374917e+00,3.643642513321093679e-01,3.059427453985475442e-01,-5.701953643694867013e-01,-2.910416628030064734e-01,-1.644743564825032478e-01,-1.091973256068383968e-01,2.485183524429265128e-02,2.994111197208519370e-01,-2.251123650499200213e-01,-8.963416591159778513e-02,-2.189762477319930345e-01,1.207829869898753919e-02,2.552990436945084922e-03,8.960157513784312855e-02,4.875476596769217491e-03,2.542646193758156623e-03,1.210699640141299320e-03,3.351556328857583852e-03,5.277119959837212135e-04,5.764769850623055816e-03,6.587635974496566446e-03,2.166939433135289892e-03,1.121029647838982712e-03,2.388555757631201718e-02
1.851179673321234065e-01,4.596959855305764869e-02,3.259507914155647779e+00,2.361120427145435019e-01,1.967476140252917560e-01,1.669720044617174270e+00,1.182494473463262816e-03,3.303085299455535417e-01,-2.217136083191779150e+01,1.080981926032603901e+00,5.683681485328554439e-01,4.736103857635409753e-01,-3.851207024283292424e-01,-1.767590768224314990e-01,7.770852526632218704e-02,-1.241674466696299911e-01,-3.222989212975741480e-01,3.934332252652415068e-02,1.446375440474721719e-01,1.140122016668422139e-01,-1.607949645046055642e-01,2.915414627774572196e-03,4.180678115620999925e-03,1.038100960932542560e-01,1.359125684092704666e-03,1.318832571357500712e-02,3.382506385132959779e-03,3.427783438872109446e-03,1.905892546086635723e-03,1.023189953297877833e-02,2.322307539349937559e-03,2.252754158481192186e-03,2.799590677513113558e-03,2.770144635767035624e-02
1.855716878402903780e-01,5.415350989876765303e-02,3.297712473334287075e+00,2.294610121410942116e-01,1.929424208413116071e-01,1.598784956171681149e+00,1.043815183350525104e-03,3.294010889292195987e-01,-2.192064807947648220e+01,1.122580857323690839e+00,2.557115940929544640e-01,6.270313125798941956e-01,-4.874785040768857547e-01,-4.477365240051904283e-01,-1.187550178854173896e-02,-2.447447494917473487e-01,-1.851030333616883738e-01,1.733263398092365626e-01,-1.407086181316929419e-01,-2.600992762694580573e-01,-2.387079397224427801e-01,4.673962192484242342e-03,1.417342853285749951e-02,1.049070696747255449e-01,1.972641952668728431e-03,4.058818465049358025e-03,3.507198316904501772e-03,2.660893577094681182e-03,1.515691727238168774e-03,6.333607569430494723e-03,7.030010376259802560e-03,2.081241319461812206e-03,2.162212409580146870e-03,2.793555658050692059e-02
1.787658802177858330e-01,4.990193545490699545e-02,3.285448620577432699e+00,2.342894994857598334e-01,1.934341621591951499e-01,1.701181806206892855e+00,9.830809153387263643e-04,3.284936479128856557e-01,-2.210368225507593110e+01,1.137340563950279160e+00,5.381091031819038584e-01,6.231762447989479536e-01,-4.903957069849852468e-01,-2.709158874190022437e-01,1.854295855206579691e-01,1.417149456659665303e-02,-1.161040521594062791e-01,2.275946015254127208e-01,-1.392800370885446393e-01,-2.449638103053865534e-01,-1.581844699507816976e-01,6.685055756167779077e-03,2.655184415977646963e-03,9.794645836657643601e-02,1.350722151645837544e-03,5.881749001514566602e-03,2.891441626216593574e-03,3.662142519269189888e-03,4.854733738039802198e-04,1.117318575630778243e-02,5.115532603406848684e-03,4.739420227478365402e-03,3.164686472598753856e-03,2.600782068009858602e-02
1.996370235934664117e-01,4.624500130144492543e-02,3.278744501697912650e+00,2.361700452686038565e-01,1.883983815458845357e-01,1.761977238506015286e+00,1.231585191207630776e-03,3.303085299455535417e-01,-2.237760619849557386e+01,7.970933963624200480e-01,2.713663046119751954e-01,6.162576885101717084e-01,-2.106024237457147508e-01,-4.298909181392501222e-01,-1.692199523957314822e-01,-3.346965906298002974e-02,-2.294260342557117027e-01,2.957240387453937691e-01,-2.501618425161121206e-01,-5.133624802183454072e-01,-2.985265906456295859e-01,8.273252900829818762e-03,2.490749555231419957e-02,6.787612464212944285e-02,4.576266603096605483e-03,4.310273968986560143e-03,1.626973472766343959e-03,2.915169306141125911e-03,5.255964488481868358e-04,6.136826799310599219e-03,2.302918861937257831e-03,1.720699526906595408e-03,1.178642334312174009e-03,1.840264777307270769e-02
1.932849364791288660e-01,4.494928633080678276e-02,3.248743481298777880e+00,2.293677350702676421e-01,1.904445356667326950e-01,1.791295277299898459e+00,1.143492281014808071e-03,3.330308529945553708e-01,-2.186588285708262447e+01,1.046468969952484507e+00,3.224031261641305823e-01,5.742796103087745019e-01,-5.598484763530749975e-01,-3.761536929764578985e-01,2.259001149566291222e-01,4.730379384743569476e-02,1.789043419168715940e-02,2.510876274657972140e-01,-1.214391610179212239e-01,-1.004479470353538823e-01,-1.716838125830088269e-01,5.689543061733313804e-03,1.138650052612731611e-02,3.971510900072453693e-02,7.804350592592755945e-03,6.473848451622733063e-03,3.608633979231089858e-03,4.299168451067199997e-03,2.836896172073047860e-03,8.247940142420865511e-03,4.863701459519552406e-03,3.585062183744978405e-03,7.991685266961063823e-04,9.853039172152572647e-03
2.214156079854809334e-01,3.879922420421433316e-02,3.268610875752596900e+00,2.447561854565671602e-01,1.974695412930115024e-01,1.867621294690734679e+00,1.085793574643950524e-03,3.475499092558983483e-01,-2.214459602111904957e+01,8.579356241511807424e-01,-1.314342593527869085e-01,5.007175000942485354e-01,-3.752514943440740103e-01,-3.739882594007591932e-01,9.135361722494859948e-02,6.858806807268484629e-02,-1.334365618172347612e-01,1.568920338749305032e-01,-2.496765491687202854e-01,-2.205878268057659963e-01,4.338779965964317809e-02,6.356165220666579185e-03,8.181859180002021628e-03,1.166368971165404091e-02,3.883959168229122235e-03,4.248693681394823812e-03,3.744560258396413283e-03,7.868866115500295494e-03,1.250388358283939906e-03,1.093309478936051182e-02,1.040981666375264889e-02,3.512038468454898015e-03,3.029556595392956814e-03,3.337306880542799652e-03
2.259528130671506485e-01,4.456455128844788449e-02,3.308394381244033067e+00,2.531575644988807161e-01,1.992176044914311939e-01,1.978166459787481513e+00,1.288808635583863979e-03,3.339382940108893139e-01,-2.228943228566950197e+01,7.985556603288755939e-01,3.861185503784904105e-01,7.696259025056668701e-01,-2.370047807473933399e-01,-3.382107596496202739e-01,1.563164507810432258e-01,2.377309809234940119e-01,8.442057442180180005e-02,5.253760314161963763e-01,1.296011896681982800e-01,-1.625719424239935040e-01,-1.162448813949587823e-01,4.194567587576388326e-03,9.275550845068791447e-03,1.802129442929695236e-02,8.895350820238021386e-03,1.406014890600518381e-02,1.141868837661011394e-03,2.744392754318042069e-03,1.212751880230442982e-03,4.918948316615549127e-03,2.810080553901321034e-03,5.661755802028934671e-03,4.558557974418035383e-03,4.999895685771977259e-03
2.336660617059891087e-01,3.815946712591533618e-02,3.282067437945604738e+00,2.515148892414028614e-01,1.941069711187457802e-01,2.000875356175546127e+00,1.193571198041802183e-03,3.357531760435571444e-01,-2.246697904735491491e+01,6.866855539927506635e-01,4.128989694682717038e-01,5.681315982941177456e-01,-6.425211286273886380e-01,-3.791671382460461426e-01,2.343241772251012656e-01,8.294734316019641840e-02,2.798992048595247417e-02,2.341495018232450931e-01,5.514624590529135229e-02,-1.086021812407660103e-01,4.681543682801463623e-03,2.878206455245149644e-03,5.325187359221301465e-03,6.353376484036231224e-03,1.594232406996119863e-03,9.450863247728898478e-03,3.441971314365225958e-03,4.305606164746956545e-03,1.682571752105614226e-03,8.300257754747877165e-03,3.652073854029315621e-03,3.680347272542248364e-03,1.630295453309292802e-03,2.460039263526595747e-03
2.041742286751361268e-01,3.979924662787698991e-02,3.280204929258676572e+00,2.409197678768932038e-01,1.938999517883021328e-01,1.939313628104586629e+00,1.137210859677003239e-03,3.330308529945553708e-01,-2.207368757779980584e+01,9.108414163320157630e-01,4.144082838044382266e-01,2.392790092189167328e-01,-3.934587264232303760e-01,-2.398287843673807818e-01,7.973673071793163647e-02,-1.506404903257675121e-01,1.639111016691164879e-01,3.296212529202405817e-01,-3.771447785839376898e-02,1.775657762979107601e-02,1.882392053939915474e-02,4.932844274891668053e-03,5.890715145674317588e-03,2.232267440416698182e-02,4.700590632853910919e-03,5.914157608412705380e-03,2.709323467295801039e-03,4.187838974112602364e-03,1.377469263399906359e-03,6.404104697161453440e-03,2.418124360218392235e-02,1.660261669463362899e-03,3.883714473612792130e-03,7.285911319101211550e-03
2.164246823956442745e-01,3.345762280862980137e-02,3.308083932088695889e+00,2.455648729422798271e-01,1.914885939726177766e-01,1.998916468795172374e+00,1.120836296141934597e-03,3.366606170598910874e-01,-2.242456205794840329e+01,6.955629322720470187e-01,3.673897198504435524e-01,4.831557276823800207e-01,-1.345155100292691475e-01,7.186331759214544760e-04,3.677503084687410717e-01,1.826210703232619692e-02,-1.086849014792138357e-01,1.242508394470461242e-01,-1.259896263400916983e-01,-6.637608788249564629e-02,-1.000302425477036655e-01,3.874425308926041783e-03,3.338131706991509864e-03,3.235632027695452273e-02,1.254711558023461791e-03,9.643326843179351668e-03,2.634967580911710874e-03,3.992297106788678281e-03,1.198569856588532117e-03,4.959475674017364139e-03,4.439366964286922158e-03,5.844746781008315802e-03,8.349383939443325801e-04,8.216905940639519443e-03
1.937386569872958375e-01,4.223902092737549102e-02,3.295492009781788578e+00,2.266242138857923749e-01,1.911461300510617078e-01,1.771349885902870014e+00,1.145835493657776545e-03,3.303085299455535417e-01,-2.191375254278437623e+01,5.894372959509193155e-01,1.800074539709005106e-01,4.716657184925476254e-01,-3.917566735218343532e-01,-3.492931943875232093e-01,1.313631385674013108e-01,-2.182585279525551814e-01,-4.041705261563155460e-01,6.903518773223156491e-02,8.323026010357865989e-02,1.230527774191927763e-02,4.756251929020150621e-02,3.750154888755765931e-03,5.960102400313030228e-03,4.680372531142907438e-02,6.229828179223064963e-03,4.738106947187958017e-03,5.239949364568492404e-03,3.403832440272495843e-03,1.319084441899881586e-03,8.975470014861859289e-03,2.798840355627358212e-03,1.768839413065875906e-03,1.855278788456328574e-03,1.196822288711381528e-02
1.873865698729582641e-01,4.795159980487036233e-02,3.277754660494217376e+00,2.354748183582961452e-01,1.911191663075341163e-01,1.806377544649625078e+00,1.236557869577867719e-03,3.321234119782214278e-01,-2.209309904261728619e+01,8.661991283807665143e-01,3.471273220991425434e-01,5.861864792207467367e-01,-5.416964095407302837e-01,-5.573503741332387351e-01,-4.121784288814395181e-02,-1.907602137529002817e-01,-1.720692160924627012e-01,2.007306470763154105e-01,-9.595498301846910882e-02,-3.606592934357598090e-01,-1.217345315807946554e-01,6.047914198783388776e-03,4.540793333054259952e-03,5.567310362941469554e-02,1.226034609397474474e-02,9.850290887735702050e-03,2.611023874470430606e-03,5.509491059719606905e-03,1.216719646380888054e-03,6.743425311877295630e-03,4.456557985570387334e-03,3.151704482660059887e-03,1.891559680573582855e-03,1.425782613766360743e-02
1.705989110707804013e-01,5.264381540658188974e-02,3.276051269191492921e+00,2.284388645097100157e-01,1.939320355544588426e-01,1.690335884160079738e+00,1.177053879582348099e-03,3.312159709618874848e-01,-2.182902858159271275e+01,1.037664865305313988e+00,2.560635571226421714e-01,4.416021838005206313e-01,-4.782673766890056521e-01,-5.944943605790973251e-01,1.898359557889125471e-01,8.792331992609528357e-02,-2.840567218653921033e-01,6.875781722252481687e-02,-3.961560477202028668e-02,-1.080525083721150942e-01,-2.744013214322988392e-01,1.125751690888750038e-02,9.278213984189273913e-03,6.995190999900235962e-02,1.462659419643243947e-02,3.719165953385188041e-03,3.269154177630879867e-03,4.286839084482399129e-03,5.099404716902365253e-04,6.569845724506056216e-03,1.857286238785156238e-03,2.624079840889892955e-03,2.110982073736584509e-03,1.828357222739716501e-02
1.910163339382940084e-01,4.763459818097835058e-02,3.297699321316349685e+00,2.352656588368516322e-01,1.924976044381841722e-01,1.758412560535733915e+00,9.790783506440651953e-04,3.330308529945553708e-01,-2.198643973869960888e+01,1.027421443468220286e+00,3.192518823447183518e-01,5.995571998777634581e-01,-1.052011373051859738e-01,-4.351616720310608755e-01,3.170732238017538035e-02,3.665528202746318187e-02,-2.164406128700769871e-01,1.008794224190638217e-01,-2.297732883677707783e-01,-3.045826924737884411e-01,-5.377498390691938523e-02,1.075391914043677573e-02,7.959186307972324764e-03,6.805227285670731319e-02,7.541983135175828364e-03,8.990368947267521685e-03,1.777837261167693151e-03,3.803821255041861093e-03,8.131276966202439886e-04,8.094293467158701280e-03,2.834048511036824439e-03,2.019019317001007410e-03,2.162855054714162006e-03,1.767869103082968241e-02
1.851179673321234065e-01,5.522948145144050691e-02,3.269557665624293286e+00,2.286710619279860857e-01,1.927991404332221048e-01,1.712959405566615745e+00,1.254213229012466659e-03,3.348457350272232569e-01,-2.170290169203046204e+01,1.049373778827415560e+00,5.265336633600532501e-01,7.094793740300027185e-01,-2.387697610503935752e-01,-4.506351685968358889e-01,-1.892535320315078262e-01,-1.590226384770303536e-01,6.022034242669221937e-02,2.653312301738104395e-01,-1.634208743341031625e-02,-1.470458992327654257e-01,-1.029308732027989365e-01,2.029562093278402743e-03,8.848084620430088365e-03,7.997193198005959902e-02,4.097928749189950343e-03,7.747166855189845797e-03,4.344216236312094595e-03,5.608682963027388120e-03,1.611465346476116320e-03,2.575012256915557192e-03,1.425616072747755946e-02,5.397223504186639959e-03,9.791653315544897491e-04,2.096198477958871945e-02
2.005444646098003547e-01,4.278380464878740047e-02,3.299983834719145470e+00,2.386082480043589249e-01,1.929598808378239216e-01,1.909208931551846566e+00,1.247132057647964498e-03,3.348457350272232569e-01,-2.209239866175452605e+01,8.659388113419544952e-01,2.094453089052746297e-01,3.653408336536068113e-01,-4.693362659257943603e-01,-3.874044096181982200e-01,-1.639053034507073903e-01,1.106892436814519050e-02,1.100618484645431161e-01,2.634215152765940204e-01,-2.054168474684255064e-01,1.099403731108481753e-02,-2.393881594776851585e-01,8.081798792787203353e-03,1.518132996116949851e-02,3.671147943344375830e-02,5.453750831795776619e-03,6.071560630015952753e-03,2.660957545716910282e-03,5.812693501170585787e-03,7.013809838761678574e-04,4.534609567876424913e-03,5.290035281498887791e-03,3.071146936638935541e-03,3.784347473725012748e-03,9.282394468723437903e-03
2.241379310344827624e-01,3.947830411072518475e-02,3.291726320723779686e+00,2.388013324785468461e-01,1.894289840950718617e-01,1.946837616837033824e+00,1.322790564509773248e-03,3.330308529945553708e-01,-2.214892906162795683e+01,9.091245650221346786e-01,3.750778506206509655e-01,5.187957005156735857e-01,-3.049104633701797407e-01,-3.449613447566942659e-01,-9.906917208262529251e-02,-1.271519492914982841e-01,1.176272937619352900e-02,2.698635349184604348e-01,1.508863099146080244e-01,8.747304136476452552e-02,7.062636768046302860e-02,1.102317761361095577e-02,1.424916116701451484e-03,1.792832456269626701e-02,6.046092608211400821e-03,7.155852832727381714e-03,4.932891897661841572e-03,1.903759417803326751e-03,3.043991409637196357e-03,3.554725170419350405e-03,8.474978838122199445e-03,2.218245051618699965e-03,3.337241497786916627e-03,4.563107120081331437e-03
2.064428312159709566e-01,4.270410222778091291e-02,3.292818270889307453e+00,2.353073401029505962e-01,1.875759180967637996e-01,1.857772590228116583e+00,1.589718635046639137e-03,3.348457350272232569e-01,-2.209957831538895334e+01,7.833314664531018101e-01,2.674045702843483863e-01,7.245818894844912039e-01,-3.663450968038420297e-01,-4.597377552979453053e-01,2.438138120704112510e-01,-1.150643321077531867e-01,-2.332580010922601921e-01,3.425011579622699864e-02,-9.505102273583075634e-02,-1.270861850390882786e-01,-1.812780951785030736e-01,3.376712824490487198e-03,2.444527025031794070e-03,1.522566110053719460e-02,1.884790702366086895e-02,7.685903939279751206e-03,2.059785903046960735e-03,2.838384965796129922e-03,2.272043084654546893e-03,1.354008348367382805e-02,7.881588374476515904e-03,3.738430193467465624e-03,2.614810868706808709e-03,5.625094492564377928e-03
1.905626134301270369e-01,4.512114080443203196e-02,3.292616107137478654e+00,2.235793378010333399e-01,1.858069436333193436e-01,1.755779675969973974e+00,1.316679529507770599e-03,3.393829401088929165e-01,-2.201267276866775191e+01,8.564047367818221623e-01,6.046381105629011765e-01,6.112537501039921883e-01,-6.556205799873670026e-01,-5.819581144010231855e-01,-3.514670966308437033e-02,1.089403672049082672e-01,-1.326401904428658185e-01,2.819025694216959477e-01,4.851184305315138501e-02,-1.064817943413145368e-01,-8.309310787607543380e-02,5.150225618648001345e-03,4.679470544770038785e-03,4.674876537163386719e-02,6.931852489350793893e-03,7.440881482050396879e-03,2.160705490664481011e-03,6.873657908917536752e-03,4.771362466087568734e-04,1.063604886662841698e-02,9.637142633396400884e-03,5.978785541766947625e-03,2.834782842774489619e-03,1.168732138689384734e-02
2.155172413793103314e-01,4.586866773773055211e-02,3.261149827407106017e+00,2.309038878205695033e-01,1.846677092371712958e-01,1.845974813839716289e+00,1.295736469252976777e-03,3.366606170598910874e-01,-2.212847653942360537e+01,9.981917433747081736e-01,5.402132392637177816e-01,7.281930035062506024e-01,-3.751359765192598950e-01,-4.131608188394944592e-01,5.282684325564766803e-02,-2.807733209383246331e-01,-2.150436216172891268e-01,1.845945624915324990e-01,3.187482680541400826e-02,-1.209162092566247459e-01,-3.191899671016851237e-02,2.409234883640984284e-03,4.498218198940410160e-03,2.743394883873880030e-02,2.085687179969148222e-02,1.161250778671507090e-02,3.026667787296573233e-03,4.017102953288135755e-03,6.708780067055811550e-04,1.340578756044239622e-02,5.154371414310064160e-03,3.095045392811398687e-03,2.181662184455840803e-03,8.106721145857033808e-03
1.651542649727767709e-01,6.320834778752154604e-02,3.252348843381235532e+00,2.193561498867066251e-01,1.912810798894208908e-01,1.476379083237055134e+00,1.678201016721842269e-03,3.248638838475498836e-01,-2.177317156068715676e+01,1.165616565220235490e+00,2.948160027690899243e-01,7.813274689741818158e-01,-1.486841639545801452e-01,-3.544753961221541738e-01,5.794523184339875344e-02,-3.012336072921455443e-01,-2.782267413437089498e-01,1.745671196331782526e-01,-1.393735218600879455e-01,-1.780869253399414431e-01,1.379089965840746800e-02,1.548819226269655029e-03,3.120805716793722401e-03,1.287864237311709403e-01,7.971777362912270751e-03,7.161864507352627349e-03,7.326607436232594923e-03,3.971947994970458432e-03,9.901242508872517244e-04,3.464871591784161615e-03,2.520515462530062076e-03,1.679278369918427031e-03,2.395157218661140598e-03,3.461127575170401538e-02
