1.415607985480943631e-01,4.942861536161674563e-02,3.316591852437551502e+00,2.339307709399026658e-01,2.030998718346942455e-01,1.435979794486715866e+00,0.000000000000000000e+00,3.166969147005444518e-01,-2.258230154728504147e+01,2.697788131053485139e-01,-4.609635218499316123e-01,-6.934498323106524920e-01,-4.264302745542184470e-01,5.767450036917037837e-01,6.267279509476794130e-01,7.407494126336692242e-01,-8.316736727894089021e-02,-4.221089297554104225e-01,-5.186286335193532882e-01,-2.859171273412340897e-01,1.189060510362296985e-01,2.368652140404387506e-03,2.209757784132510353e-03,6.005885533606898988e-03,2.708928960442151881e-02,5.589682977725155509e-03,3.202144993137193661e-03,1.763967190161928270e-03,4.361989331539929335e-04,6.296554308990248098e-04,2.153379243431604705e-03,6.291383714651300378e-04,1.927941162386747568e-03,7.019550022412545179e-03
1.510889292196007372e-01,5.238094747031504100e-02,3.303424162892276250e+00,2.393651715250898759e-01,2.029910615560857612e-01,1.442513647028079271e+00,8.488420640542087029e-04,3.194192377495462809e-01,-2.245004823255544935e+01,3.989093856403199689e-01,-5.098784331702291839e-01,-6.164741666287254507e-01,-6.774051586824637594e-01,5.518315697336294567e-01,5.811825970741054670e-01,4.782654028548938285e-01,6.414122555062339026e-02,-1.422235056983147117e-01,-8.703327917465866759e-02,5.429801909869057946e-02,4.363140617834820323e-01,6.038259708719483738e-04,1.951160718718081321e-03,7.174620978759197430e-03,2.582914816789192922e-02,8.513772512582335264e-03,2.932959638380600292e-03,1.035052609068943131e-03,1.039597648976983658e-03,2.594662428309809678e-03,2.060875477163995155e-03,2.501247513890505082e-03,1.167732703938692161e-03,6.770166329872578242e-03
1.647005444646097994e-01,5.622842854335841078e-02,3.293820336707720120e+00,2.533445742800935485e-01,2.011247333749908994e-01,1.776513286395897673e+00,1.106041096985349538e-03,3.185117967332123379e-01,-2.266030589328603284e+01,1.610467577358359048e-01,-2.371597195416307591e-01,-9.529441747321731881e-01,-5.803527232342521325e-01,6.995393201731713306e-01,6.783050483620378657e-01,5.119638175741123565e-01,2.826206768271853353e-01,-1.505459831770127321e-01,-1.651175989677382550e-01,-9.160037672390916597e-03,3.467451432676481038e-01,1.883691123452296617e-03,1.346087122031009798e-03,4.772374334723185167e-03,2.207499736183850259e-02,6.846893419171157583e-03,3.626152257437208811e-03,8.911643851375964645e-04,5.446245027170854708e-04,1.618508602531724006e-03,2.943904501340229105e-03,4.509476954348673981e-03,1.141604319592535652e-03,5.645207022481149930e-03
1.819419237749546336e-01,4.981633742179201324e-02,3.315537508893830143e+00,2.602210590720644978e-01,2.023211643292373851e-01,1.813358481875699146e+00,1.052192665730876863e-03,3.266787658802177696e-01,-2.289847403118988112e+01,4.587752724498172507e-01,-2.574120122598624327e-01,-1.071801106199921305e+00,-5.186381027659789922e-01,2.851416628212691817e-01,6.357087505156280294e-01,5.983631693010393882e-01,-1.173335038349178627e-01,-5.779872035587936274e-01,-2.336944557432293901e-01,-5.159623433116695274e-02,1.624104377496797813e-01,3.169971152421702590e-03,1.756199293722187369e-03,5.893328589355943149e-03,2.527176198912358188e-02,5.311481732637107073e-03,2.439442636951882730e-03,2.877015145033051668e-03,6.201340667606294096e-04,1.661174044308129177e-04,7.516209879952138974e-04,1.354323236601021052e-03,1.014687178258753472e-03,6.577890241794952415e-03
1.842105263157894635e-01,5.137895291767251293e-02,3.310065027102862434e+00,2.583632495325816625e-01,1.981872876629821867e-01,1.833205642573369598e+00,9.526052490547250087e-04,3.230490018148820530e-01,-2.280610815530201663e+01,4.298955885574735070e-01,-3.604757749575784875e-01,-9.513202296710153716e-01,-5.060959812785742473e-01,2.235915825819652092e-01,6.929888145531867272e-01,4.364558090994004047e-01,-2.595684554446342496e-01,-3.991330474209526247e-01,-1.751777888625653812e-01,2.511138659682543919e-02,3.024420167807103099e-01,1.611455632043029378e-03,1.359184870119285043e-03,4.040486907656608111e-03,1.942162021878840461e-02,5.542785938686672388e-03,4.073078618776603682e-03,1.157558780536720048e-03,7.779739121201132172e-04,5.626982390620025466e-04,1.450930472262949031e-03,2.201810775587974712e-03,1.787608469877750850e-03,4.970350304179428289e-03
1.978221415607985534e-01,5.074966380427401585e-02,3.306331444465663072e+00,2.571406051810369853e-01,1.982949256383614578e-01,1.868743312843407445e+00,9.717709603211017750e-04,3.230490018148820530e-01,-2.269131025454851169e+01,4.698182080292724883e-01,-3.258718122161662900e-01,-7.029902018377527373e-01,-3.877752414409520454e-01,5.753885153986219025e-01,5.314165987324610541e-01,3.229792593273466683e-01,-1.050961288813952038e-01,-2.278004335203534514e-01,-2.688321354157273135e-01,-5.842177235939233909e-02,3.423944267640836592e-01,3.742320866783279201e-03,1.972215507247372396e-03,3.060477915609924500e-03,1.771924262893648586e-02,7.620850503284187956e-03,2.262211276921018751e-03,7.219157964487991127e-04,9.020758218840211392e-04,1.211375040401914882e-03,3.608339864755011426e-03,2.313570450627253430e-03,5.280310392232820524e-04,4.583714201521305737e-03
2.096188747731397573e-01,4.134171794752224821e-02,3.312959601047959168e+00,2.681853171623842513e-01,1.976526152995943530e-01,1.954089812968489825e+00,1.077633317993725685e-03,3.303085299455535417e-01,-2.306054040071226297e+01,2.381520946631981162e-01,-3.512121193478655035e-01,-6.096829801316652198e-01,-5.218432173867284529e-01,2.916044732340230539e-01,4.011976381205679676e-01,4.791614452108778899e-01,-2.537875969224831236e-03,-3.026569675254929814e-01,-9.417127346562176315e-02,2.116448753078241374e-02,3.880257970210550522e-01,1.265729592683624127e-03,1.417162486647457380e-03,3.529663540885899595e-03,1.010311232883626120e-02,4.796241401506494417e-03,1.357686616101126155e-03,1.762414088492357013e-03,4.953547616154749386e-04,5.611546256913250465e-04,3.735142782292723545e-03,5.121757724805720002e-03,1.257440449874424031e-03,2.645332625598854643e-03
2.354809437386569948e-01,4.833052625447834677e-02,3.273256347281520817e+00,2.751887159317859544e-01,1.958609459080380699e-01,1.919377151641910029e+00,1.235207956493168625e-03,3.312159709618874848e-01,-2.296119129399465919e+01,1.453016596604722599e-01,-2.922451686375488467e-01,-6.583407279232573739e-01,-2.503068163454080786e-01,4.291357536552600771e-01,4.521109355155162324e-01,1.957559595352167392e-01,-2.744779934060281312e-01,-3.230553724221250644e-01,-1.820612937737048909e-01,1.001724180720677676e-02,4.065042538727375310e-01,2.937260649098187223e-03,4.119440879574233797e-04,2.148386202648268784e-03,7.450357685620054987e-03,2.161099682761584342e-03,2.618841515979734857e-03,1.057688457297225465e-03,1.262366096535628892e-03,7.717373788000668217e-04,1.511754572046583632e-03,2.364327576150033333e-03,1.067104744132470412e-03,1.766843572953219086e-03
2.127949183303085301e-01,3.141562125665382094e-02,3.315592876078903295e+00,2.661601534310025774e-01,2.028612668015676301e-01,2.021379568349043421e+00,9.748902195879689684e-04,3.284936479128856557e-01,-2.322206918885964200e+01,6.165463913880755292e-02,-1.578991393722126990e-01,-5.653382921289834551e-01,-2.062347887611719888e-01,4.123963768081662651e-01,4.784179924736209344e-01,1.905526269792645333e-01,-2.733255584297458740e-01,-1.642833115141484890e-01,-2.046755459889066930e-01,-1.048038639990572646e-01,4.446884248239960091e-01,2.864542092194933848e-03,1.282998547002659135e-03,1.888278848286398552e-03,9.872031482086603138e-03,7.023234671060548870e-03,1.689187255196322171e-03,9.616434707052239116e-04,6.316845808931741439e-04,2.018531351219000122e-03,3.482703682859632742e-03,1.510668940256200323e-03,2.109052872040088726e-03,2.634181122175476963e-03
2.400181488203266822e-01,3.663608065640445999e-02,3.296575702625283100e+00,2.622364747360271808e-01,1.891335953995731123e-01,2.040592968854085143e+00,1.298925857121410558e-03,3.248638838475498836e-01,-2.305721095885905214e+01,1.767900644573399960e-01,-2.265972712610360706e-01,-6.544208261841806262e-01,-5.021974011803975735e-01,1.642216811789052044e-01,3.886237309269667262e-01,1.701307537124534530e-01,-9.636993776035625292e-02,-1.016527572882239411e-01,-1.984696847210764836e-01,-1.905444829109035482e-02,3.719225425973729515e-01,1.085812883858565565e-03,1.081244728092598233e-03,1.924242907927492573e-03,7.277772553236092415e-03,2.403888128101364444e-03,1.593285636962712883e-03,2.629365323137213429e-03,6.652781017756345195e-04,9.366968112807653232e-04,2.921208400240151576e-03,6.814669482503891637e-04,5.926720029222876628e-03,2.020581588538602428e-03
2.055353901996370136e-01,3.138100949114586841e-02,3.307736629932374495e+00,2.602057658296823561e-01,1.949379892311456641e-01,1.963744108708293634e+00,1.130369934487525764e-03,3.312159709618874848e-01,-2.337125005957231849e+01,-5.704348900260149818e-02,-4.528536819380146183e-01,-6.181564689663616718e-01,-4.590764337228647740e-01,3.216907675949801648e-01,5.291737169918714345e-01,4.052792750108221154e-01,-1.261783439397054785e-01,-2.955707187201749298e-01,1.223312031343598283e-01,-6.064994756402309478e-02,3.201944438536920012e-01,2.886568387391907561e-03,3.459268877598382572e-03,2.388141976711515794e-03,1.167801661765870309e-02,2.345480522137502119e-03,1.579265149847257051e-03,3.038121930603621037e-03,2.035169671476477152e-03,9.951237335648459043e-04,1.088396417357252862e-03,2.003305781179097467e-03,1.854412071992272331e-03,2.726869829455893113e-03
2.186932849364791320e-01,3.347072902924401461e-02,3.301213327322703339e+00,2.579722167461425686e-01,1.945502187453315157e-01,1.969806977747152299e+00,9.802210283138437612e-04,3.284936479128856557e-01,-2.308546392936380087e+01,4.213369185723362387e-01,-1.598041424743666672e-01,-6.926436632806867166e-01,-4.485810625613440017e-01,4.407131211146533833e-01,5.376299566765134763e-01,3.824833997130768215e-01,-1.053572524977351293e-01,-2.438706470817291472e-01,-2.197013089407303943e-01,-1.490731726152623449e-01,2.539928985077296031e-01,2.165200065213790034e-03,1.979483540619332918e-03,3.167899169405069028e-03,1.123871367274484681e-02,5.213102343406868754e-03,1.019828134262148241e-03,1.855437294753387424e-03,1.942414908403474567e-03,1.796191968137865382e-03,2.238256677509706423e-03,1.753537600771057792e-03,1.317065487719083728e-03,2.697182743070111310e-03
1.923774954627949230e-01,3.294562244418942909e-02,3.308892407519058665e+00,2.501313762671959484e-01,2.019210064430415341e-01,1.781168086860461131e+00,1.020277723350368308e-03,3.212341197822141670e-01,-2.302923993222949051e+01,4.059204857650740572e-01,-4.140193290616279720e-01,-7.615977836318269523e-01,-5.748490470009127717e-01,6.193077060674077039e-01,4.942473211600592053e-01,2.520023961820346825e-01,-2.106350880475547360e-01,-1.455520429195965304e-01,-1.673299990414273963e-01,-6.739162203231821580e-02,3.415915235335901801e-01,2.163949188312244785e-03,1.071488178664092199e-03,4.926034094102755244e-03,1.852314706041630066e-02,8.250475800655876837e-03,1.232521233895736640e-03,2.824207412363566923e-03,7.134736428244678680e-04,3.205727946172443575e-03,4.304194999289314393e-03,2.146198320569154324e-03,7.800543614993758670e-04,4.793934582480813278e-03
1.683303085299455437e-01,4.001827684278899677e-02,3.305594179783264419e+00,2.461491681963797751e-01,1.964128167552747495e-01,1.743271219538673034e+00,9.332075301656287628e-04,3.212341197822141670e-01,-2.304271112998967652e+01,-5.191474410781849597e-02,-8.419339037234477852e-01,-7.979588943965887360e-01,-6.121727581889485625e-01,6.862779449617986138e-01,3.809333439425454659e-01,5.586157207212493203e-01,-1.170183484183993095e-01,-5.153263688516133145e-01,-3.493890081857902175e-01,-9.547632120385156351e-02,2.035455975168679599e-01,1.532983951859052214e-03,4.050236920082910495e-03,5.150432441730041361e-03,1.821507654479683977e-02,8.874039996928907714e-03,2.182310623295719964e-03,1.152369690020245896e-03,1.003500563503439275e-03,8.260751646971194488e-04,1.269901148570030990e-03,2.059451201829525218e-03,1.028403374805434518e-03,4.862410535057141124e-03
1.642468239564428278e-01,4.263121077813263743e-02,3.294714509219540233e+00,2.526807070093201602e-01,1.976392389207324574e-01,1.751769017246191051e+00,9.183359122613908273e-04,3.248638838475498836e-01,-2.288384894686311100e+01,5.589402028754879570e-01,-1.754660342170516474e-01,-6.322754759379953793e-01,-2.787063929650623328e-01,4.072097808257303941e-01,7.580224553457416414e-01,6.123529557797806611e-01,7.037639691397459298e-03,-3.278955675080550414e-01,-2.912404271794553079e-01,5.396371726837656535e-02,2.867869000433985183e-01,1.707651241979274209e-03,2.894510012375158935e-03,3.672292046219343634e-03,1.845351657069965387e-02,6.876644200003934754e-03,1.287208371657860059e-03,1.704825201749347353e-03,6.218879064300675101e-04,6.745435023991012665e-04,1.458123920743182624e-03,3.496706479292496349e-03,2.123450236664064465e-03,4.728745811863132621e-03
1.982758620689655249e-01,5.111702367454395990e-02,3.308792843890087543e+00,2.547783317652469459e-01,1.930652030121803031e-01,1.883361622935309843e+00,9.969172363628174983e-04,3.284936479128856557e-01,-2.274384872127237500e+01,3.323243658469279826e-01,-1.462410979441436942e-01,-7.149989931712975588e-01,-4.045424336058517367e-01,4.544556216326506304e-01,5.576944872643853079e-01,5.276530227639152359e-01,-1.004417487614636811e-01,-5.472829877199730797e-01,-1.341900050211245199e-01,3.669956144250673125e-02,2.491350446236132443e-01,2.201626793173075761e-03,1.448831790856223859e-03,3.700956271013843349e-03,1.540790652419482196e-02,9.200958035734431439e-03,1.592656819913843219e-03,1.290466110481748195e-03,2.818428265199499072e-03,6.143237770676132246e-04,1.756188548015137716e-03,8.016268846738562517e-04,1.824258271949245717e-03,4.189653663979800609e-03
1.819419237749546336e-01,5.004282806280516138e-02,3.305559268181332389e+00,2.550555547126286959e-01,1.958672872320870451e-01,1.859869384815938442e+00,1.083262594360803396e-03,3.221415607985481100e-01,-2.275168672643517809e+01,1.569534147215310982e-01,-4.280094300597528378e-01,-7.996427207532614823e-01,-4.040357877306366974e-01,4.461436306279637498e-01,5.585012933391801937e-01,3.215087900184783742e-01,-3.994796824367240207e-02,-3.748088382877272640e-01,-1.075871213433010204e-01,2.070883013888717705e-01,3.282592645491867467e-01,1.214398240176983767e-03,5.883307373733915940e-04,2.950817300907965322e-03,1.565551888117898069e-02,3.577054644820203827e-03,1.724831900655651642e-03,1.425783730166721918e-03,2.639660930861283724e-03,5.804439758175326119e-04,1.328969624801012951e-03,1.181604284806337963e-03,1.024878919069958710e-03,3.970938218386216474e-03
2.009981851179673262e-01,4.592027614309147215e-02,3.312527999696718517e+00,2.661923967753087594e-01,1.994123765546886307e-01,1.841561574456047845e+00,1.070770770966799918e-03,3.257713248638838266e-01,-2.294974782769085664e+01,8.375211474025106018e-01,-2.521493710189839366e-01,-7.867408273999618729e-01,-4.913307411681328563e-01,5.297994499024041293e-01,6.195254573643148577e-01,2.978353302934846347e-01,-1.371098693507579180e-01,-1.567001476633792245e-01,1.126600609935692471e-01,4.958859937807070378e-02,4.954442427700674334e-01,2.637426222219148037e-03,9.798026925126961627e-04,3.049787184287160169e-03,1.349231545188911939e-02,7.944252758898489794e-03,3.668375272418995976e-03,3.305862728423328723e-03,7.903783306033472164e-04,2.627012598567086705e-03,1.666004791647191169e-03,2.261993848199710892e-03,9.226196358255935211e-04,3.493496517470413322e-03
1.892014519056261224e-01,4.616757685987059323e-02,3.314993203409510425e+00,2.562806017412589954e-01,2.011078114293040064e-01,1.863193891172672201e+00,9.400794058736253135e-04,3.212341197822141670e-01,-2.272691151777931040e+01,1.126953797081951814e-01,-2.296442809715409095e-01,-6.328326697372175236e-01,-4.002494980807921321e-01,5.106910655308742886e-01,5.706476661803724371e-01,4.031872214480280991e-01,-2.882926229969637322e-01,-4.460422527717266550e-01,-1.719968092066550824e-01,-6.336991662947225046e-02,-2.873520693583099875e-03,1.422948987677573026e-03,1.894330427511293135e-03,3.168219272119692127e-03,1.265095246185836929e-02,5.847573334857685858e-03,1.834378147024039217e-03,1.431065555900058869e-03,1.284295048549344200e-03,1.065497594081887519e-03,6.050719805296382722e-04,5.036993551690798106e-03,1.248217622559798234e-03,3.269333419739524089e-03
1.692377495462794867e-01,4.761520362236228154e-02,3.306066857878784848e+00,2.482590275017442782e-01,2.057484070328793602e-01,1.813799697853312631e+00,9.638258970265805876e-04,3.103448275862069061e-01,-2.239302401983568913e+01,1.671017007997132875e-01,-3.222717875842553287e-02,-8.374322541174792356e-01,-5.537760078358548999e-01,1.152798946664293639e-01,2.244551863591530971e-01,4.082883796470796467e-01,-2.979483638663006917e-01,-4.044357396165990659e-01,-2.446119229503349868e-01,-5.126846291305104525e-02,2.371058457922983198e-01,1.188552582298288418e-03,1.428873292837248366e-03,5.694159916804525379e-03,1.669951309972800280e-02,5.955342176427187717e-03,2.114808411209524903e-03,2.171267065573418385e-03,1.068766356386426303e-03,2.430634419375733019e-03,1.922968541600475782e-03,1.440944052648996266e-03,6.197005008766261376e-04,4.285820145254124781e-03
1.742286751361161456e-01,4.400831426176474159e-02,3.289511510235007652e+00,2.525309066815161207e-01,2.069425092722536330e-01,1.849344450243457505e+00,8.000261827297515914e-04,3.121597096188747922e-01,-2.269920659711224431e+01,1.857907282991927977e-01,-3.297441083910860465e-02,-1.002853341304846158e+00,-4.992114898951965363e-01,3.772780113119429957e-01,4.914153136627352203e-01,2.887629555584694252e-01,-8.662616888212523736e-02,-2.352788975223689127e-01,-2.539073655521373318e-01,-2.268556850987984430e-01,3.098234352354289345e-01,1.392363870718068804e-03,1.238557870594277814e-03,3.592038070706399158e-03,1.509031686835416407e-02,7.183703645849655491e-03,1.959792133143845906e-03,1.272261363994195470e-03,1.627085130301463099e-03,5.672823556037313647e-04,1.587864328410640942e-03,1.648900458673186473e-03,1.435859707484403577e-03,3.950648286567168613e-03
2.009981851179673262e-01,4.109751921264490071e-02,3.284109618196395353e+00,2.579322104152581008e-01,1.989660006486021759e-01,1.923811763369962069e+00,1.135467939586664362e-03,3.248638838475498836e-01,-2.283556250466821780e+01,5.546273046982205246e-01,-2.196373678795145723e-01,-7.549892092793168974e-01,-4.040305081959967293e-01,5.071923531147909392e-01,3.858947230213797819e-01,2.981121981180203107e-01,-2.845430006513503529e-01,-5.218289781647426073e-01,-8.573046074330992194e-02,2.000008978619217948e-01,3.066928807579203942e-01,3.411491823979553428e-03,6.174022431348825295e-04,3.899396864485928441e-03,9.920388851064077321e-03,7.126125396850306604e-03,4.191908910857303043e-03,5.306249664400700117e-03,1.041274175724906433e-03,1.600390049776231460e-03,4.953315383538748305e-04,2.090726851261181986e-03,1.150281966325849160e-03,2.778897587207892345e-03
2.368421052631578816e-01,4.323528002955601135e-02,3.290107336450509568e+00,2.699199441179865877e-01,1.940668292236647496e-01,2.058849583476339173e+00,1.264911917928132450e-03,3.430127041742286886e-01,-2.288151453595403595e+01,3.507873410044846652e-01,-1.950346230517401858e-01,-4.664722560210237123e-01,-3.708699937789231016e-01,3.651704343922982376e-01,5.240987307007782814e-01,2.953960181372565774e-01,-2.750108548291566035e-01,-2.706377378864881500e-01,-1.143849788174850224e-01,-1.613721027756652993e-01,2.093043730913373701e-01,9.978823282119245013e-04,2.873521714141748749e-03,4.744615748927272399e-03,5.969554168734693932e-03,2.645816557115974934e-03,1.312767124685965819e-03,3.967802460984885121e-03,1.269251633827186152e-03,1.010303803685870397e-03,1.237852828377270431e-03,1.452979520769585951e-03,6.086789952338350976e-04,1.652115504244537842e-03
2.200544464609800466e-01,3.755370848655398275e-02,3.293024539197570100e+00,2.668098936763838025e-01,1.959291765882795744e-01,1.916491089029940476e+00,1.122362107862977677e-03,3.294010889292195987e-01,-2.321904839094949935e+01,3.667574645949160939e-01,-5.220979395181610805e-01,-5.999086946642779861e-01,-3.732346104997573688e-01,5.631446716008254860e-01,6.892890726819195235e-01,2.382453342000068752e-01,-5.368650920900284312e-02,-1.699517311105581407e-01,-1.917922233905065277e-01,-3.393619547640028267e-01,4.283198050235241805e-01,2.495372211044248958e-03,8.849373101876078325e-04,3.520867760297566231e-03,1.094109960637729313e-02,4.261246063292796135e-03,4.441036037077848264e-04,1.614174747925772434e-03,1.343675600886798339e-03,1.763747626178923354e-03,8.266835214569745374e-04,2.079044375394183998e-03,3.013977642629230794e-03,2.697054648226612523e-03
2.155172413793103314e-01,3.770866236864453547e-02,3.295286099635341692e+00,2.608603032175203507e-01,1.992895507563011703e-01,1.893916628801794122e+00,1.019147350880333881e-03,3.294010889292195987e-01,-2.291621954909658143e+01,4.245634048134433458e-01,-4.523111098215176762e-01,-7.542641984757756379e-01,-4.776441885131883502e-01,5.429326133930768572e-01,4.036301276581912290e-01,2.568863985802946059e-01,3.546961343569386693e-02,-2.622524843785186688e-01,-2.245959585947112369e-01,-1.950983755688460997e-02,3.090816324285285965e-01,3.273506838031274395e-03,1.696207144059531588e-03,2.899759642732112341e-03,2.068226540530953075e-02,6.094359376674147316e-03,7.505335154656823504e-04,1.348938738817308377e-03,4.033189738499621223e-03,1.686047886036150896e-03,2.762863739799703219e-03,1.492890957917428945e-03,1.481579805385576602e-03,5.218779184603257806e-03
2.223230490018148764e-01,3.388430626160002929e-02,3.299778956697304366e+00,2.607324973320339634e-01,1.935425961791381599e-01,1.950329760452781613e+00,1.136705231301322070e-03,3.321234119782214278e-01,-2.319019379048859264e+01,1.797286611700908421e-01,-4.146093892523080027e-01,-4.367252136591407985e-01,-1.760460472056959158e-01,4.572435507057800996e-01,4.331312515732060886e-01,3.860858943129411580e-01,-3.733520323674683339e-01,-4.320130227662058453e-01,5.405900281257444012e-02,-4.432965179964117736e-02,2.820610167203193575e-01,1.367010762144886147e-03,1.324499177275852667e-03,1.815761241756383513e-03,1.028904206580702994e-02,3.929350916093083193e-03,2.345223462589651926e-03,1.887129891819542236e-03,5.488691316298831063e-04,1.670960152818338909e-03,1.274334922337951254e-03,2.752948091086251676e-03,9.781066065850275038e-04,2.493646146615834461e-03
2.100725952813067288e-01,3.398989681942050228e-02,3.299836523533071553e+00,2.595221761813510386e-01,1.942091863750618486e-01,1.921598455567079089e+00,1.115838612981040999e-03,3.303085299455535417e-01,-2.318149206928709205e+01,3.277501899176661349e-01,-3.167062519749542782e-01,-5.129282972462256840e-01,-3.888143263624853629e-01,4.296529273144889527e-01,4.221621661571274275e-01,3.250862952644504866e-01,-1.318376684855130654e-01,-3.543233788379167581e-01,-3.428832835734999529e-01,-3.403845350540743442e-02,3.676245482647383378e-01,1.829659769771577182e-03,1.104543852475862618e-03,5.691480470334419478e-03,1.333093788273669554e-02,6.842789347129146771e-03,5.960200194203277074e-04,2.781261685630900295e-03,3.339381656243978636e-04,4.988793473569122549e-04,1.673975768899581881e-03,7.777737957314471463e-03,4.085334254918637775e-03,3.757062171755281687e-03
2.236842105263157909e-01,3.999268596693502514e-02,3.291982227965798646e+00,2.575074230502551464e-01,1.925254827261121127e-01,1.919845331693539547e+00,1.079566491694076849e-03,3.248638838475498836e-01,-2.300208455858284395e+01,3.707127564649521090e-01,-3.399483101086251402e-01,-5.467845334592862372e-01,-4.478838509490430941e-01,3.549631233287491860e-01,3.564051255844445931e-01,1.868622439258643408e-01,-6.087377554091859266e-02,-3.051183101177932788e-01,-1.721470090811096920e-01,-1.451174691773624535e-02,3.717611968705379355e-01,1.177775251977684423e-03,7.709816632852774070e-04,1.753743880132859270e-03,1.222692403480526470e-02,3.293877299010109384e-03,7.767244093425916280e-04,4.850368943103518758e-03,1.070771208021124507e-03,8.400010863903617118e-04,2.128314386671033807e-03,2.271674934278178695e-03,4.609225322625085282e-03,3.105029728573369639e-03
2.091651542649727857e-01,4.685238635366237303e-02,3.311819955346001265e+00,2.575100433078643669e-01,1.901029232262291535e-01,1.871073556932125737e+00,1.237460047308895422e-03,3.275862068965517127e-01,-2.290982260163665885e+01,1.608264089658590634e-01,-5.224507074490017944e-01,-5.683242954041279882e-01,-4.383889201748749631e-01,3.265461009135732229e-01,3.600904341036521017e-01,5.308065494681603047e-01,2.526422111038385473e-02,-2.418704727363916451e-01,-1.067991238082426492e-01,-1.534358229309595693e-02,4.186512938083494229e-01,2.679458939878268109e-03,1.040766631491063911e-03,2.586346343920242763e-03,9.605880893661824030e-03,4.568529745606264222e-03,1.298483573569581169e-03,1.262021940143766112e-03,5.470446260781272781e-04,1.126012808445357987e-03,3.136019125192768351e-03,1.822272816803425458e-03,1.503580446473510310e-03,2.369262282722279199e-03
2.159709618874773029e-01,4.356775489795556427e-02,3.308944508418758090e+00,2.523032023749149921e-01,1.842131197720470737e-01,1.969933467134328708e+00,1.062675672363397284e-03,3.321234119782214278e-01,-2.286160914537033051e+01,9.479294728747814092e-02,-2.033325963247591128e-01,-8.383617148422268794e-01,-3.334547168109019966e-01,2.861719337168551203e-01,2.951647253867649145e-01,4.038339597190077623e-01,-3.544386957758198786e-01,-4.645604565987044299e-01,-8.873383568275958200e-02,3.135737475013300468e-02,2.023536906845689043e-01,1.427785543524917340e-03,1.466886561815440885e-03,3.113733832121115108e-03,1.394303940955949304e-02,3.576035288273878704e-03,1.681606066390976253e-03,3.308014215684130024e-03,6.760419791151075141e-04,9.215249278502217391e-04,1.370198009982719284e-03,2.610412162909237638e-03,1.017223741863729344e-03,3.453800209357588483e-03
1.801270417422867476e-01,4.168079926089108406e-02,3.280895673901291776e+00,2.499025108569744857e-01,1.930097495684842401e-01,1.914893548486303221e+00,9.170137618008309104e-04,3.248638838475498836e-01,-2.295408633775670992e+01,1.171570562998076707e-02,-2.024633916509409881e-01,-6.738614068598495210e-01,-4.034365804700056901e-01,5.264724084804531801e-01,4.321688384054910292e-01,4.578397599226484149e-01,-3.212185390257715767e-01,-2.465442378985206739e-01,-5.128332738718891642e-02,-7.129641525226966536e-02,2.714319866570695794e-01,2.555482646155783372e-03,2.238478316557044809e-03,2.047924927273911313e-03,9.471483801424665505e-03,5.774008661023286200e-03,3.362380008384248040e-03,1.544246405770367163e-03,6.607392059752808080e-04,1.233177083234499602e-03,3.235002526146832976e-03,4.157382211828104801e-03,3.937217040913380014e-04,2.419592140631586594e-03
2.055353901996370136e-01,4.923083523136064649e-02,3.280754544914347370e+00,2.562685724295747369e-01,1.901993437471099224e-01,1.938259715809230732e+00,1.089123550430679335e-03,3.176043557168783948e-01,-2.286113022388210325e+01,3.107369325643704605e-01,6.530348610824149302e-02,-7.345091113266182248e-01,-4.619919278990367584e-01,2.794711117800400269e-01,1.901707343166177122e-01,4.825484167003660785e-01,-1.882733553023107909e-01,-2.086492944489308499e-01,-1.189797841137830714e-01,-1.993890621788571571e-02,4.405442082737101583e-01,1.002762350367307357e-03,4.917243966226070686e-04,1.449001484151892514e-03,1.141276042091552041e-02,5.892203510623475297e-03,2.873344275014445143e-03,1.881158912289656324e-03,7.761447064049684704e-04,1.400159217479406007e-03,1.477925333318862037e-03,1.671225590437898584e-03,1.648114314067122355e-03,2.960281070120757661e-03
1.719600725952813158e-01,4.312939994660495296e-02,3.291493371485545438e+00,2.519375551206225472e-01,2.024372528939297200e-01,1.958619791661129650e+00,1.219549084511282848e-03,3.194192377495462809e-01,-2.276145631530572189e+01,-5.580240081430661719e-02,1.312510939587762937e-01,-1.080953249227148527e+00,-3.180945005613378118e-01,2.905047728970572840e-01,3.742556738848047404e-01,5.056126500530576662e-01,-2.057186763430867149e-01,-3.126946829657882287e-01,1.217835683834963684e-01,1.653417009892646783e-01,5.518139759791323984e-01,1.570859082479547468e-03,2.302764750309642871e-04,2.421157283419004581e-03,1.181085782280765287e-02,4.256476595302577555e-03,4.800195091996069773e-03,1.907709777809041838e-03,1.782829077323276785e-03,8.167441038246795381e-04,2.693053826154902675e-03,3.532564204316817127e-03,3.140104797525694689e-03,2.881068558317202016e-03
1.837568058076224919e-01,4.560797354815571136e-02,3.309583821856603603e+00,2.612174773271949690e-01,2.016864402853173754e-01,1.855717842444934984e+00,1.014499479120398173e-03,3.212341197822141670e-01,-2.293497268258507660e+01,2.444008198809475285e-01,-5.897440994784373947e-02,-9.121611200873622760e-01,-5.642993215126778095e-01,3.611334453766432695e-01,3.340045453026134759e-01,5.483928493643451807e-01,-3.313384453444129241e-01,-1.430512181786716408e-01,-2.810736740257689381e-01,-9.443216194254865081e-02,6.110528796002124841e-01,1.964331193550656988e-03,1.065813921587261239e-03,4.231961903440115483e-03,2.104127015982067139e-02,5.812367580147839198e-03,3.202401455289057008e-03,1.431737060573357295e-03,8.909535831103094876e-04,4.424666258991913370e-04,1.461264599889553492e-03,4.829723565602547612e-03,1.759483248358055746e-03,5.386736493373521333e-03
2.118874773139745871e-01,4.297587001000570395e-02,3.302167285882937620e+00,2.562690878802055261e-01,2.005529491837516887e-01,1.895841330303122962e+00,1.028886368566883517e-03,3.284936479128856557e-01,-2.287884692026716138e+01,1.403577673642631973e-01,4.910256573310849137e-02,-7.292859972598774165e-01,-4.115162117386195750e-01,6.330821808175891574e-01,4.222480002249385800e-01,5.575406432252147937e-01,-2.839922346972582057e-01,-2.319502120274175017e-01,-1.959581270698542155e-01,5.032801507859770151e-02,5.433325233852048797e-01,1.770580034170920330e-03,3.437218746210251924e-04,3.606357326290693388e-03,1.338177336822682188e-02,8.266355254216598697e-03,2.314034369434182867e-03,1.621165379913752083e-03,2.878123764598092965e-03,1.022090240186058563e-03,4.916136177766042975e-04,1.732759608227905923e-03,4.183000606251294912e-03,3.621954229681337897e-03
1.814882032667876621e-01,3.748900981008162353e-02,3.299096795136239990e+00,2.394856088063525568e-01,1.955116952899141891e-01,1.837447917763797900e+00,1.100121534957069439e-03,3.221415607985481100e-01,-2.284248500889238898e+01,1.913178322704656154e-01,6.894794388357491921e-02,-7.392837570190021745e-01,-1.272894021453409852e-01,9.042632139824401394e-01,4.308916596826266598e-01,4.735600954691237541e-01,-2.535959173681998635e-01,-4.940598334310382644e-01,-2.094884614999941164e-01,1.465048113010206376e-01,3.869462985057476323e-01,3.435054249950359340e-03,1.868372370905629215e-03,3.924317676037653024e-03,2.119000155064029722e-02,5.458918264476551006e-03,2.708061982259957288e-03,3.966780386945741553e-03,1.643694944487706809e-03,7.475772687336203464e-04,1.736602778692177646e-03,1.527232570327440551e-03,9.642150924013213322e-04,5.327861181313581045e-03
1.660617059891107139e-01,3.843909549767973721e-02,3.302930049621997988e+00,2.362671892877560853e-01,1.938846558666210140e-01,1.659865164782202251e+00,1.110411190416547931e-03,3.157894736842105088e-01,-2.295819739989794783e+01,3.663067459741629617e-01,-4.264925429036612314e-01,-8.836266341133068858e-01,-4.886479007350566506e-01,5.628489411494700390e-01,4.463104367814064166e-01,4.537436250506201585e-01,-1.170979737938195910e-02,-3.464772824478052349e-01,-1.322019687478526162e-01,-2.276137966399673085e-01,4.058981238906114175e-01,9.129469798108188344e-04,3.630890161930759932e-03,5.933740273761363253e-03,2.421240500344555568e-02,8.299009690995564140e-03,2.650685502971255637e-03,1.606234065814239696e-03,5.166712390925132714e-04,4.683091658380670523e-04,2.129364243032075277e-03,1.972394483739141769e-03,1.538148387992875057e-03,6.346813241925306805e-03
1.588021778584391974e-01,4.332926835740525534e-02,3.312754720106674711e+00,2.432320508127833181e-01,1.916297180722579541e-01,1.712954971715892727e+00,9.574478260435953384e-04,3.176043557168783948e-01,-2.293690307208324342e+01,4.082799108333237115e-01,-3.331304251877245659e-01,-8.790269852123351324e-01,-4.743550848268429099e-01,4.077406139067939472e-01,5.111527461723567312e-01,4.042522463241238762e-01,5.358503984955985400e-03,-1.938377600235820786e-01,-2.220371248186007174e-01,-1.585370108385219801e-01,3.891959988308572038e-01,2.094794881493212708e-03,7.453376819658949926e-04,8.831188773470829284e-03,1.324087731835972906e-02,9.707935417010914517e-03,1.067194032914816964e-03,2.287733405673416428e-03,1.132650681444146139e-03,5.219449032714828813e-04,1.235285159752456735e-03,1.905335125099909136e-03,1.686482110594106354e-03,4.120341279221294110e-03
1.683303085299455437e-01,3.288208784334113038e-02,3.304811839066295054e+00,2.479565129769892573e-01,1.942656985152802218e-01,1.764726652636456450e+00,8.046530964601524829e-04,3.166969147005444518e-01,-2.344271112803932766e+01,1.661722475146422962e-01,-6.779113442158313241e-01,-7.461099943006295199e-01,-3.131373601621668112e-01,7.213561063583404653e-01,5.423010688183584893e-01,4.937836008600026139e-01,-1.536002190698750568e-02,-3.266944505572220159e-01,-1.909965845610998303e-01,-8.887404617104030513e-02,4.202434898481126613e-01,1.485969168964216712e-03,1.115460319609742727e-03,1.724824943489753357e-03,2.255910663512668626e-02,6.993761747043166291e-03,2.153648635663779187e-03,6.392132025823502213e-04,1.670302805348204385e-03,9.299593014758349152e-04,9.859510821698983744e-04,2.865528539356690385e-03,2.804811410417129905e-03,5.875225831710531588e-03
1.764972776769510032e-01,3.637270390616972188e-02,3.295573240736485943e+00,2.502888508291765679e-01,1.934096501828755088e-01,1.832023679530715654e+00,8.669868417612431027e-04,3.212341197822141670e-01,-2.338039754807262938e+01,6.206048552421309511e-02,-2.587712969520683526e-01,-6.166375162758965800e-01,-5.494249840714795496e-01,4.762098823550849902e-01,6.086316371441675699e-01,8.056760956174217059e-01,-1.799339859269743309e-03,-7.004405428523233779e-01,-2.303814715575221439e-01,5.964689105947636183e-02,2.321983963476287327e-01,3.383555936716990762e-03,1.758951955495786359e-03,4.859107527620101785e-03,2.155003770130223956e-02,7.157319711010036098e-03,1.650912557372584757e-03,7.741673505924349420e-04,5.779331780698085570e-04,4.753773614052433233e-04,3.219169332176428640e-04,9.361549028920100948e-04,1.363839219919651003e-03,5.724122654082964765e-03
1.764972776769510032e-01,3.921213750813071913e-02,3.288289448587138342e+00,2.481667050881005976e-01,1.943521237804795021e-01,1.735332933164978719e+00,9.120905798830612234e-04,3.157894736842105088e-01,-2.308199945688675925e+01,3.284991651371629295e-01,-4.118730615512037341e-01,-6.895601637340265100e-01,-3.866444979105830848e-01,6.066030076032604690e-01,5.838837010841320119e-01,5.315104502293039879e-01,-2.167286255114446170e-01,-3.899776199324737624e-01,-2.155242053400823268e-02,-5.311533976329289863e-02,1.855655527340928090e-01,2.086193628717645295e-03,1.471616748714988255e-03,4.127880877809118366e-03,1.522748983497637654e-02,7.793917124393251808e-03,8.830633874944683820e-04,4.348568057650671267e-03,7.122005216130499177e-04,1.872218441276031053e-03,2.158998058457470282e-03,4.795785884592175877e-03,4.891274901421005256e-04,3.996877156292055061e-03
1.864791288566243210e-01,3.840321197778019668e-02,3.311225629211074661e+00,2.547037310623761486e-01,1.952737459629126926e-01,1.881818545359830619e+00,1.036617236127329372e-03,3.148820326678765658e-01,-2.309918725648881477e+01,3.765424721460867707e-01,-2.472340811644705982e-01,-7.721275529534091797e-01,-3.999279873753608938e-01,4.949394538144942790e-01,5.910558922173740903e-01,3.040957140292452343e-01,-3.284390546699639812e-01,2.179457069941298855e-02,-1.675622826421210021e-01,1.103497466548189615e-01,3.960593680549564510e-01,1.860220319233459214e-03,7.073501369536290290e-04,2.202325006080930667e-03,1.749701221739860535e-02,5.372411787008817170e-03,2.171946413462444089e-03,6.701271874722814978e-03,1.321561847707300365e-03,4.767381643038343065e-04,2.306846064839698698e-03,1.743131976247567789e-03,3.561887674677647209e-03,4.478869949092246540e-03
2.014519056261342977e-01,3.974220931375672256e-02,3.302315211662228300e+00,2.573806366133624124e-01,1.921540783427964638e-01,1.929533820552392198e+00,1.083717845408781926e-03,3.266787658802177696e-01,-2.311890942995431431e+01,1.567508655042892385e-01,-6.481486436187006150e-01,-9.280891512713116409e-01,-3.548403442897944404e-01,4.259491652425300146e-01,2.498649785872449347e-01,6.018231157382212260e-01,-1.457948584557811761e-02,-2.532862459159961749e-02,5.244557810818867988e-02,-1.185641887533528220e-02,3.353325673014373454e-01,3.098392434706074249e-03,1.022038438571110271e-03,4.273903757873990031e-03,1.146867454215061595e-02,3.956712462042757603e-03,2.287856080326266042e-03,9.178296965748119346e-04,2.306614512545757860e-04,3.022232590996403422e-03,2.245145116108085859e-03,3.332288586892724180e-03,1.019281986973925901e-03,2.817069463032936382e-03
1.837568058076224919e-01,3.339507715162045448e-02,3.301942436749483623e+00,2.565686285712507897e-01,2.033784838842750131e-01,1.813872045962809931e+00,9.589432823251428347e-04,3.221415607985481100e-01,-2.301073491583208153e+01,4.548423793272102778e-01,-2.643715887576039147e-01,-4.846019391027388545e-01,-4.623675600624445603e-01,3.639059333449306544e-01,4.166936720033168617e-01,4.785474487241989650e-01,-1.160695958747802875e-01,-4.009353640380928785e-01,-1.087548813258610997e-01,1.427219239809465468e-01,2.948627486858013125e-01,2.487690771910020578e-03,1.104879930619016978e-03,3.186719381394203295e-03,1.534686339260552847e-02,6.706677632357641375e-03,3.065976322411122310e-03,1.871210840691177584e-03,6.595276636337970341e-04,1.141754602583178700e-03,1.351727511436398707e-03,2.862179989416581936e-03,9.181516775948754712e-04,3.931805428688688736e-03
1.864791288566243210e-01,2.782544598766154009e-02,3.308468423791416146e+00,2.660414080736918652e-01,2.110883327502028339e-01,1.829126714447926183e+00,7.801177428736966787e-04,3.230490018148820530e-01,-2.328373757176867898e+01,5.901540232321064172e-01,-2.241938436287540803e-01,-5.850900933413001326e-01,-4.690767287119197437e-01,3.809742759921703192e-01,4.879811379528053439e-01,3.576466777061457769e-01,-1.492597905319095752e-01,-3.976479831897100081e-01,-1.400710122254204548e-01,-6.178092253114767646e-02,4.028018508612694060e-01,1.876263714924443406e-03,3.166052303987542099e-03,3.037618884184364789e-03,1.455901700220337686e-02,6.974808500635065397e-03,3.629862566971361545e-03,1.137827659149137942e-03,8.907318481516245286e-04,2.637448835929317656e-03,1.493327656145280492e-03,4.994087213629156384e-03,5.941391440856460138e-04,3.701851383420390849e-03
1.914700544464609799e-01,2.782971185029661093e-02,3.308592093883017782e+00,2.725125156703850360e-01,2.075918039078522015e-01,1.890670662800441937e+00,9.488610517191498582e-04,3.266787658802177696e-01,-2.368596814980601195e+01,5.051622271857081348e-01,-4.238714060318524712e-01,-7.283960198568273370e-01,-4.444331301270874612e-01,5.108453513037196636e-01,4.726883957841185868e-01,3.331968519063336909e-01,-2.943056111933772256e-01,-2.398250992335042853e-01,2.309190860345714316e-02,4.939302731113909967e-02,4.732065625251190011e-01,1.838754224701107500e-03,2.268130013431137858e-03,1.533711829858380249e-03,1.593400238937042052e-02,6.579674591802888578e-03,1.922895865763677749e-03,1.876302186392066976e-03,1.687298282191673510e-03,1.054159606421669433e-03,9.560901517366371871e-04,2.198461024539205382e-03,3.156540558440211388e-03,4.029320958771599737e-03
2.168784029038112460e-01,2.927691171498722142e-02,3.304091878012098249e+00,2.714341755923603272e-01,2.035351930571402956e-01,1.930865850445587339e+00,1.122556702584392172e-03,3.284936479128856557e-01,-2.365548613562894786e+01,3.200294775517977253e-01,-3.308100305393740226e-01,-5.242627018551014872e-01,-4.990914066071853172e-01,3.144810117020063744e-01,2.321758436495705291e-01,3.388144650989559636e-01,-3.859512924151462659e-02,-1.781418705996002105e-01,-1.568570906791869057e-02,6.542678870928854418e-02,4.586886132595046073e-01,2.285280857542223640e-03,1.287690699065778327e-03,4.174084253342002539e-03,5.474642482632001254e-03,5.338126882392110230e-03,1.675853276076045206e-03,9.482683205784165096e-04,5.387452680271292245e-04,1.181187855406704013e-03,9.054825807076585971e-04,5.043549314193661141e-03,1.221096701395086833e-03,1.838068712121479183e-03
2.032667876588021838e-01,3.518635176530383879e-02,3.299723434494929997e+00,2.529904686215405651e-01,1.958616981995900397e-01,1.870786751792756553e+00,9.579405011344795150e-04,3.203266787658802239e-01,-2.327191548853253522e+01,1.223604040109133595e-01,-4.677661424060773898e-01,-4.982377025979734531e-01,-3.989577438383181685e-01,3.218287241942986987e-01,3.783063592496933025e-01,2.967505383656037776e-01,-1.165017054508892536e-01,-2.407955952679655953e-01,-2.263517735805022080e-01,-2.226799697336593609e-01,4.156105309715144580e-01,1.701764249847978819e-03,1.805641202921186989e-03,2.943360164189424109e-03,9.375864582761113050e-03,3.168224589037767214e-03,1.130382060141803735e-03,1.732258609383599112e-03,6.962269727636759102e-04,7.996757494590926761e-04,1.233003156836863252e-03,2.179748157177523616e-03,1.549627601043554372e-03,2.236525698946181372e-03
2.032667876588021838e-01,3.185845055572165269e-02,3.313883938562350195e+00,2.489585452422283518e-01,1.922001420026868967e-01,1.871112038508756514e+00,9.225162283470078215e-04,3.185117967332123379e-01,-2.319005965942040604e+01,2.015966602454198620e-01,-4.430591919175078663e-01,-4.842489812015489115e-01,-4.395243418297350990e-01,8.004147223305931036e-02,2.145412108700315845e-01,4.820396062356253619e-01,-9.564512883613496275e-02,-3.331908156617084948e-01,-1.121722798726220438e-01,-2.618284837455688713e-02,3.978170659730060343e-01,2.922326176000531253e-03,1.310801270877454692e-03,2.638311432448872673e-03,7.645639171967038780e-03,3.932848583674371928e-03,1.237964541065504501e-03,1.903912881912730570e-03,5.482096919205269731e-04,1.357338585357015064e-03,2.531993160923774917e-03,1.174007590419414663e-03,1.118039718799772667e-03,1.840286163501522656e-03
2.019056261343012693e-01,3.543124242465977430e-02,3.304824812198276618e+00,2.469831043492550227e-01,1.885201519919731672e-01,1.845299977900260346e+00,8.750200602528383168e-04,3.221415607985481100e-01,-2.311523885965018721e+01,1.262867005081414473e-01,-5.014451797052981163e-01,-3.947129251785334580e-01,-9.983583283359907801e-02,4.261505719281940552e-01,3.313593097845073387e-01,4.823263121583882262e-01,-1.335738668199465407e-01,-2.569758642832265516e-01,-2.418664186176303632e-01,-3.312851952878876904e-01,1.847820489698281943e-01,2.545240809742908405e-03,2.508174741178025805e-03,2.493409889083807694e-03,4.731020907956170161e-03,4.245081014798488331e-03,3.211284166845772888e-03,1.709696164340388869e-03,1.558879036336994822e-03,4.618402877496030449e-04,1.675640600182710330e-03,2.259734253191379542e-03,1.738445536868482317e-03,1.134703823450294424e-03
2.127949183303085301e-01,3.825931763600261271e-02,3.303943026041217035e+00,2.502026967840941252e-01,1.881660372078621801e-01,1.845061027347856930e+00,9.015609979340991065e-04,3.194192377495462809e-01,-2.314701976932283856e+01,2.846506743490750946e-01,-4.920342119253945934e-01,-4.125437703877888884e-01,-3.464211777755962784e-01,1.209738261297454570e-01,3.232461096061376993e-01,2.569568130638489323e-01,-3.166971854898717464e-01,-3.074239438974189498e-01,3.091316440692488260e-02,-1.504598067796939498e-01,2.277099737632861109e-01,1.032593170316621536e-03,8.781176938467870818e-04,2.116590664867471633e-03,6.930935713203277733e-03,4.026110521284107305e-03,1.855288305907098990e-03,1.453286557300307062e-03,5.139248110353220392e-04,1.468111950148428277e-03,1.422876373793296664e-03,1.895516569601181627e-03,1.466687517715724396e-03,1.682589072516808273e-03
2.259528130671506485e-01,4.422039136627266970e-02,3.294843928174403302e+00,2.561005403355615662e-01,1.875789457575509356e-01,1.828992215365527807e+00,9.802126337344200298e-04,3.176043557168783948e-01,-2.321844290064435512e+01,3.572426682830638356e-01,-4.406192088016837594e-01,-4.443372816072346798e-01,-4.720147114486062390e-01,2.222868264703233288e-01,5.855128892098856452e-01,4.700590757677132747e-01,-9.576037002326327763e-02,-8.158087895352261754e-02,1.293075818714378988e-01,1.025317533096815753e-01,3.040037325726696604e-01,2.188313614760927818e-03,6.450431367750919954e-04,1.247586293045898709e-03,7.352979681280677644e-03,3.799167538587372179e-03,8.787849170399769086e-04,1.611016865765740836e-03,7.270077723390914451e-04,1.127010344114068741e-03,1.378443083800032264e-03,2.430743887190563602e-03,1.743505031126510452e-03,1.794697575302752531e-03
2.327586206896551657e-01,4.633327061971002914e-02,3.307864472271503153e+00,2.556307266864651373e-01,1.877081663372038856e-01,1.873172956152788116e+00,8.865758351731316224e-04,3.194192377495462809e-01,-2.298431219133012604e+01,1.918022195897094162e-01,-4.566215706279533326e-01,-4.745981709744137023e-01,-1.957458905233183666e-01,3.494193128769205181e-01,3.582287354313323235e-01,4.293320775802025868e-01,-2.295290695285160110e-01,-2.619540501642592667e-01,-1.593812268589007708e-01,-7.283627226064234850e-02,3.067768161954469441e-01,2.644745171627135676e-03,1.750171938154324426e-03,2.756329240257262073e-03,5.337266199953413434e-03,2.384706674553350135e-03,2.155120845894006269e-03,1.241162929104839153e-03,1.725160686146923021e-03,2.855345849115477385e-04,2.004846169966740133e-03,6.053319359484605859e-03,2.617999511228489423e-03,1.547284607634136916e-03
2.073502722323048997e-01,4.287983758623748615e-02,3.302307256176259642e+00,2.523862517537359129e-01,1.911647119093868585e-01,1.810768028926703632e+00,1.017353621295405018e-03,3.157894736842105088e-01,-2.307288495084184632e+01,8.325927603935920351e-02,-5.183966943039667319e-01,-5.186534665216970819e-01,-4.340139300097039902e-03,5.521512154377360426e-01,4.235221552938402967e-01,5.156294078147396487e-01,-7.358681444107352532e-02,-5.288114113281262574e-01,-1.522802069668422742e-01,-7.221588767306251488e-02,2.054840982151423801e-01,1.510119115389264854e-03,1.442824392698006811e-03,2.066493609388773359e-03,1.043581016829557388e-02,4.261490815009888293e-03,1.013847293281726824e-03,7.571787679772413234e-04,7.152357539728696444e-04,1.407876448725337666e-03,1.636801527072197747e-03,3.603099836857233482e-03,1.674425330448219137e-03,2.591815097361588761e-03
2.150635208711433877e-01,3.499219820492462107e-02,3.317407433809503647e+00,2.575502813866651364e-01,1.910554271867924980e-01,1.953530553595165919e+00,8.826395073910916567e-04,3.203266787658802239e-01,-2.320888401333408879e+01,2.656926326669304395e-01,5.910137131398219418e-02,-5.009252611273379285e-01,-4.190415599767360333e-01,4.217786884514828638e-01,1.792085435213897626e-01,2.316349065168711585e-01,-1.097462014069484210e-01,-1.421965958512945993e-01,-2.196717655715753614e-01,-9.605528694655542099e-02,3.780211747689720680e-01,2.345178021377235331e-03,1.550142466876631119e-03,2.226775023111185556e-03,7.043266509873028630e-03,5.865411558807667736e-03,1.903777139991973035e-03,1.706737828111715106e-03,5.251160946733397566e-04,2.504084257686157305e-03,1.633406013628847190e-03,3.927003717566622532e-03,2.963586390739028631e-03,1.811747345740116061e-03
2.091651542649727857e-01,3.607176232265219690e-02,3.286344394214847142e+00,2.599654463464062260e-01,1.893500677309109537e-01,1.881167623152917523e+00,8.145596115483337476e-04,3.239564428312159960e-01,-2.337304346057618432e+01,3.046943697956583930e-01,-2.126087175341367652e-01,-4.563672185913279500e-01,-3.375582722960800974e-01,3.635563560336700362e-01,4.327734250987718689e-01,2.236777647137663527e-01,-1.765968578482957629e-01,-3.133954301364790807e-01,-8.884132343868020310e-03,-1.791206382423407573e-01,3.025865661311003540e-01,1.109780305504238975e-03,8.985637605743609880e-04,5.751143127691607732e-04,6.898913990625936757e-03,4.047883553120688524e-03,1.228659106040049572e-03,1.119788706160243594e-03,1.034845419091291784e-03,9.317050420980093348e-04,6.901109525126570372e-04,7.578665007821905070e-04,2.219126933508803329e-03,1.790313718711013637e-03
2.050816696914700421e-01,4.164135043203236186e-02,3.301325580792611181e+00,2.517850696615784867e-01,1.898221865128866259e-01,1.886532230774482954e+00,8.689659308798664342e-04,3.221415607985481100e-01,-2.311137998117003534e+01,2.252349072406025221e-01,-4.547728101359692077e-01,-6.538194439183571127e-01,-2.031661207190183227e-01,6.579970501434297958e-01,5.961381534265717264e-01,2.542012399971609882e-01,-3.322828738849398778e-01,-3.984863499442567458e-01,-4.116934194102378486e-01,-2.219662835530295253e-01,1.536789984485802674e-01,2.245597098079085436e-03,1.641933464492694025e-03,2.276897490952610112e-03,9.543481010556265423e-03,2.982117725043647791e-03,2.233668459965445358e-03,3.111927571298528025e-03,1.034296722300387557e-03,1.014781398472086897e-03,8.938125530847263606e-04,1.029327455978125503e-03,3.539790515595458379e-03,2.256798385984404125e-03
2.000907441016333832e-01,4.338995719999948208e-02,3.288769785225738485e+00,2.537610164914126387e-01,1.892269206835816009e-01,1.857420301722434219e+00,9.223077515666385992e-04,3.185117967332123379e-01,-2.318125311781790288e+01,2.045540331740619555e-01,-2.761099314466500254e-01,-7.226073443044049860e-01,-2.228364558547168972e-01,4.068865067646162959e-01,4.655727899879633092e-01,4.728664597923426527e-01,-1.176822878817338353e-01,-3.134514138037891584e-01,-2.084827383773334500e-02,9.338042894503092994e-02,6.409571178407931225e-01,1.671860139522753433e-03,2.203989199523058613e-03,1.383329577832764692e-03,8.524110816268902838e-03,5.172678131064431008e-03,3.609528853176348882e-03,8.314107116640810560e-04,7.281563397542357985e-04,4.384795293339982655e-04,2.360641970943856693e-03,2.291708366295457881e-03,5.119322972021478867e-03,2.276977805367886871e-03
1.969147005444646104e-01,4.103663278308515572e-02,3.304772623983688540e+00,2.516497744029072003e-01,1.895344397723772722e-01,1.847270757273078434e+00,9.052953070845046061e-04,3.176043557168783948e-01,-2.321040220601356907e+01,2.145781259463653834e-01,-4.110565522045378506e-01,-7.740913062419739754e-01,-4.817792046284155028e-01,3.106683337534076328e-01,6.069940326531594321e-01,5.477004314482463165e-01,-2.296803448814667137e-01,-3.629069543154176958e-01,-7.288467794327205262e-02,-3.896289398741559912e-02,2.385162038761192427e-01,1.941394089861974348e-03,7.611150395919491106e-04,3.720527547267443984e-03,7.882656698218235003e-03,7.959061918037704797e-03,2.079925065903442255e-03,2.441522169308175776e-03,2.528633520944642424e-04,9.450770931236576614e-04,6.711487066381072869e-04,6.278693204198228760e-03,3.208858157619116740e-03,2.643345391272807193e-03
1.973684210526315819e-01,4.485893611572987910e-02,3.310183829162880009e+00,2.573270016579335961e-01,1.909228856978950062e-01,1.815706722735588086e+00,1.083539324638342150e-03,3.230490018148820530e-01,-2.337215780977994939e+01,2.354349939528296298e-01,-2.460745551623599592e-01,-3.751310425656479430e-01,-5.367244846353754761e-01,5.054929529788099347e-03,5.618839385255439689e-01,6.680838848908192684e-01,-2.516236262704241167e-01,-6.032314663084474837e-01,-1.951880156309954428e-01,-2.605175024109356030e-02,2.190028893811774846e-01,3.092059626044528151e-03,8.119704273347249724e-04,1.976070956795770127e-03,1.574627032943332061e-02,3.532296567098698169e-03,1.144697900948754479e-03,1.091744411499133557e-03,4.763821248175151768e-04,6.434074079271794771e-04,7.905945398001518838e-04,7.833227671915360272e-04,1.700102114634984658e-03,4.057996070065443377e-03
