2.658802177858439197e-01,3.361145365348720826e-02,3.279859348703212607e+00,2.395598564543364173e-01,1.436908099780183912e-01,1.630909857014704478e+00,0.000000000000000000e+00,3.121597096188747922e-01,-2.622733569589406954e+01,-7.277573481522094934e-01,-3.746413193889008841e-01,-1.211812316318630511e+00,8.244799297396645521e-01,2.266336041470555784e-01,4.248024727582499493e-01,-5.298949923196729639e-01,6.677696907230493140e-02,1.140386013044520919e-01,3.432032650394424289e-01,2.626301467905160503e-01,-5.863955947787506673e-02,1.504198336488603088e-04,1.973985082707793563e-04,2.493060344547068569e-04,2.355693114759178463e-04,1.010724028479983110e-04,1.065842681396966389e-04,7.151768558717062386e-03,4.264919951019670611e-04,9.384721233012595929e-04,7.156866319291856201e-04,5.867414422113500019e-04,8.254682812259872592e-04,1.883500188986216191e-03
2.500000000000000000e-01,1.885777327591969116e-02,3.159411675627451288e+00,2.311960586659197459e-01,1.446193739806211909e-01,1.713841773089534115e+00,1.958217282216396030e-03,3.139745916515426227e-01,-2.647814617521374103e+01,-5.434871630777075024e-01,-4.571680041166198416e-01,-1.128258490977223527e+00,1.205863197680487442e+00,6.471981929128448607e-01,8.154008129665483162e-01,-4.457018831384767510e-01,-2.298550904681691612e-02,-2.245191457289206771e-01,3.326894099983919162e-01,3.001949242881389868e-01,-9.388552975706997150e-02,4.128523292510400170e-04,4.331032434445837771e-04,2.256300554071884060e-04,3.427999642271295326e-04,4.498972409590977733e-04,9.398730185627938039e-04,1.402482511741911901e-02,4.542742249777517033e-03,1.815762602789254771e-03,5.595157377361499595e-04,1.000538262070262228e-03,3.443181900111518760e-03,3.754826589189779601e-03
2.545372050816697151e-01,8.184527296797168908e-03,3.169002178118601964e+00,2.302271451898089683e-01,1.580732495479558741e-01,1.530231532614800605e+00,2.394774939828663365e-03,3.130671506352087352e-01,-2.692888015915221445e+01,-1.108112923853056681e-01,1.854672542371443855e-02,-1.192544813794590652e+00,5.758370851074019470e-01,1.731401584119877102e-01,5.408672361125570482e-01,5.977004821324203437e-02,-2.064244335247094886e-01,-2.103979832482647527e-01,1.690141565459979400e-01,-5.886832044451716789e-02,-2.120172093587464890e-01,3.802029002415779554e-04,4.407222816807015498e-04,7.527271488212760675e-04,4.024123713962076201e-03,3.841870686419699018e-04,5.183714660104740257e-04,4.740474525236271740e-03,1.042324038992970166e-03,1.105933619950099419e-03,4.437244064606352188e-04,1.301964393850194501e-03,1.439469367002586602e-03,1.395495527235444825e-03
2.250453720508167055e-01,1.323399703467615512e-02,3.252260138734382799e+00,2.342342189616491155e-01,1.487605646082896527e-01,1.618017927654671118e+00,2.903091387532592393e-03,3.693284936479128699e-01,-2.653875423745978424e+01,-5.784700808978926467e-01,-2.416637149505888593e-01,-1.135156486079312632e+00,9.092380666193197181e-01,2.908826106664640365e-01,4.743828273234145798e-01,-2.888265533558303511e-01,-5.241932069503256464e-02,-2.236533372341574510e-01,9.383318278899083209e-02,1.129198499756855767e-01,-2.054153864290797146e-02,5.268940665308280208e-04,3.433937760174902813e-04,4.519670556651677381e-04,1.055319640874034272e-03,5.692964852820277298e-04,1.144196574309361671e-03,1.932332445532939681e-03,3.571575916898616938e-03,3.106736034379763492e-03,8.239440397769262842e-04,3.393569186572607116e-03,2.537384475523781109e-03,1.175285208813612974e-03
2.631578947368420907e-01,3.484279009224329482e-02,3.095551085607442410e+00,2.447855558759945427e-01,1.394613277143348651e-01,1.300785340163107762e+00,3.224443054828362350e-03,3.139745916515426227e-01,-2.626429691758534091e+01,-8.987659467063939811e-01,-4.940084900509599808e-01,-1.136067290279411557e+00,1.128464631627665637e+00,5.819934868997730382e-01,5.911029450465675739e-01,-1.105028073547177359e-01,1.138249568857959970e-01,-3.450596631452920726e-02,-2.336030388881367784e-02,-1.958342094882973422e-02,-2.864469808664040218e-01,2.160540694762150661e-04,2.712136923020672563e-04,1.626721347995978523e-04,4.874247681147144936e-04,2.588101520952564710e-04,2.989265375924640114e-04,3.888985525924639093e-03,2.541227009831796037e-03,6.522739758965715416e-04,6.791717097875377791e-04,9.304102955932911680e-04,3.336617466068747886e-03,1.268624068918978911e-03
3.062613430127041902e-01,7.885205395147613927e-02,3.149127441604760769e+00,2.532227959808355244e-01,1.464116885918841093e-01,7.037151420957186154e-01,5.954626439279470627e-03,3.121597096188747922e-01,-2.643846066482641533e+01,-8.283349020453253386e-01,-1.909025496905598362e-01,-1.183241294271431210e+00,9.368298218755345408e-01,6.099576693451811416e-01,7.032908233689798561e-01,-2.748447693162014982e-01,1.470831441989736144e-01,7.519255133421540171e-02,7.839093063024790697e-02,2.053346321567341981e-01,1.320991169100686757e-01,6.631334278644790848e-05,6.865376218440567195e-05,4.947860310263614683e-05,4.433258902240473935e-05,1.079100412100377442e-04,1.945708722765454026e-04,5.956596828241393637e-04,4.764691698038545521e-04,2.618524082387768486e-04,5.045402115888686633e-05,1.982419847482839081e-04,4.772168578483424709e-04,1.878611728764183089e-04
2.935571687840290434e-01,2.713520472724816751e-02,3.085978606282598680e+00,2.467538968985612813e-01,1.515947776427371552e-01,8.919775480449981808e-01,3.208464090338123548e-03,3.121597096188747922e-01,-2.627774098663712010e+01,-1.009535120087840104e-01,4.070456042436986638e-02,-1.216422328010113407e+00,8.524100544887750486e-01,3.537846911768398050e-01,4.736228771754881217e-01,-6.197908172786895792e-02,-1.726818524090780183e-01,5.029338166135507993e-02,2.195144453830125963e-01,1.894625074908384554e-01,5.694565407098327661e-03,1.671628124720852117e-04,2.858248859339469782e-04,2.234912460562619866e-04,4.405686417288596276e-04,2.694114432780391659e-04,3.220313810378662650e-04,3.099902020787122757e-03,1.649966803092818698e-03,9.545045695963601305e-05,4.654357913795174645e-04,5.555411513152814845e-04,1.275129818666599635e-03,8.413941597592818414e-04
2.581669691470054318e-01,1.286232619114961381e-02,3.247519446654929975e+00,2.485691351912575620e-01,1.754347281010584514e-01,1.426577021407559265e+00,2.073500164995959426e-03,3.121597096188747922e-01,-2.688879691885911427e+01,-1.529600901372638599e-01,-2.562130809878150339e-01,-1.558740285992025854e+00,8.242620133403879557e-01,5.170731567971188491e-01,7.021596841715800341e-01,-1.158643220278314512e-01,-1.876887341373272844e-01,-1.544670209966689245e-01,1.614047579935370680e-01,3.235454082990405489e-01,7.241005681269201133e-02,5.907696122808742166e-04,3.873448372670659236e-04,5.631766313966375323e-04,3.064892511843366352e-03,5.090403020381204175e-04,9.469839306997260373e-04,9.216287572353949048e-03,2.062979276383921767e-03,1.781270196974702770e-03,2.965921083114313119e-04,2.351902591596511803e-04,2.111733780653350743e-03,2.395417511828939854e-03
2.300362976406533644e-01,1.684387810898566040e-02,3.210072938680304855e+00,2.508202763557089154e-01,1.846775305624205887e-01,1.589764025910484602e+00,1.702126765834687536e-03,3.112522686025408492e-01,-2.640134221844767026e+01,-1.429428121899098680e-01,-3.069319989115710801e-01,-1.376360720245657809e+00,5.739125852474092904e-01,4.262910623067657778e-01,6.687284460231686101e-01,-1.704197491571635692e-01,-5.465433136182092089e-02,-2.701648848254857918e-02,3.350533871760560389e-01,5.504110550786125988e-02,-1.722750118721364312e-02,2.020995438185549842e-04,2.255479296305580941e-04,4.028652895074271724e-04,1.050868993111370858e-03,3.298414243444710626e-04,4.737486988512025661e-04,1.502030855015175706e-02,2.918585550906357007e-03,1.304885708105016232e-04,5.010347283082233283e-04,2.652028850827654709e-03,8.778686934156103771e-04,4.007272789925269384e-03
3.017241379310344751e-01,7.396238286246790972e-02,3.045743100604517473e+00,2.926286282572215791e-01,1.728520210551442449e-01,6.404317921979582051e-01,7.016385213484154816e-03,3.139745916515426227e-01,-2.624194094736270699e+01,-3.610024913097242272e-01,-2.161994831747349188e-01,-1.367309114520101287e+00,7.729136219950247799e-01,2.915950496027745475e-01,5.214593111778778045e-01,-1.589689848893485399e-02,4.619686944751134894e-02,8.690648023964085700e-02,1.302452624203419840e-01,-1.116508569800821193e-01,-2.434651000225546147e-01,7.394462736038753901e-05,9.900375171432171731e-05,1.838813490898607206e-04,1.362247381092316961e-04,7.228128430309387900e-05,8.874602622923717318e-05,1.330409306598728239e-03,3.741071958356643502e-04,3.739273071356888161e-04,1.060992596716562090e-04,2.970454034336381262e-04,1.241108383666053930e-02,3.368026182728524245e-03
3.098911070780399069e-01,1.323788462380297293e-01,2.888667133273286058e+00,2.838264838044903260e-01,1.606723593215924617e-01,3.352585824741521336e-01,7.510814694298291808e-03,3.130671506352087352e-01,-2.655347927018185672e+01,-9.034126622375577842e-01,-6.388330375929897054e-01,-1.342254620062828696e+00,8.180844694401343542e-01,3.742371366165976876e-01,7.514627612458716355e-01,-1.759804872761591976e-01,-2.366999511228261577e-01,1.004775293310732759e-01,1.403768676617546396e-01,2.937175588667623183e-01,-1.750501222536084700e-01,5.102543193270738138e-05,5.324945858307786778e-05,9.790639197405768450e-05,2.456027117806427242e-05,8.621801491766705708e-05,3.535431310131229981e-05,1.659358116977671573e-03,3.466914962636104378e-04,4.686551967826401550e-04,7.814198628088070604e-05,1.481836382608245101e-04,2.943304603291395350e-04,4.378573193487043198e-04
3.030852994555354174e-01,4.467706168656639804e-02,3.036836472089014638e+00,2.606650336224777265e-01,1.553087797564769723e-01,6.789763562711822464e-01,6.334233651979256918e-03,3.121597096188747922e-01,-2.650990562121492999e+01,-4.899098869343109786e-01,-4.154053677972934788e-01,-1.479488740600598984e+00,9.429106270879071827e-01,4.771884629825729474e-01,6.449193191049270579e-01,6.610012616151142439e-02,1.057706228297256197e-02,-4.074285313711922124e-02,6.910124955910096345e-02,1.945698400495174674e-01,-2.431462647436137894e-02,1.557314953867444196e-04,1.597319153720368288e-04,3.627649468708419992e-04,6.619162112935591700e-04,7.322606228020874756e-05,1.203998569008220385e-04,4.107204820223724594e-03,9.221414065187076049e-04,4.799146651895845259e-04,1.440051216861388140e-04,1.173049447307574671e-03,1.007574069021610489e-03,1.068034955928869089e-03
2.386569872958257676e-01,4.851704390143793399e-02,3.240166434277546692e+00,2.486143960252965024e-01,1.427314792203377147e-01,1.455013343872909370e+00,7.612936826956407700e-03,3.738656987295825851e-01,-2.603201629031615028e+01,-5.464416433018234320e-01,-2.508049895603027823e-01,-1.573359748628933463e+00,8.405999562830127614e-01,3.536584014932290243e-01,3.347811378057469756e-01,-4.215358905810708823e-01,-1.335454608880716765e-01,-1.587468461231875960e-01,7.953256112884005136e-02,2.577934062322351227e-01,8.292326803468588747e-02,3.611887970039142802e-04,1.202194000017534222e-04,5.822406380098438857e-04,6.585328464526416783e-04,2.468518449714641886e-04,3.798354650464212104e-04,5.203328836423731611e-03,3.136092227227584017e-03,3.766017079438037395e-04,2.709731995932565638e-04,2.850807217859887589e-03,8.186497889039945006e-04,1.535190902376011232e-03
2.908348457350272143e-01,6.399391555138830845e-02,3.248812004455985392e+00,2.698067428499035247e-01,1.612230205941780348e-01,1.215686505054879962e+00,2.556997441983279926e-03,3.166969147005444518e-01,-2.601740716107158136e+01,-7.746572598140990529e-01,-3.980564421367787653e-01,-1.400275144398008154e+00,8.492243791744112924e-01,4.687211715514957300e-01,6.022178394049418904e-01,-2.655360987271740969e-01,1.684539856262124713e-01,-2.984008140817115406e-02,-1.643991347519243584e-01,4.046277331041722714e-01,2.563279965632352386e-01,3.845408744358312539e-04,7.417205299031061968e-05,3.380688890304463365e-04,4.278764631390133541e-04,6.487975204550529718e-05,7.228325412746046126e-05,2.207253254937897782e-03,1.322073089265948798e-03,1.615486134152664904e-04,3.730058629981828819e-04,6.456878398707990331e-04,4.345700825784356777e-03,1.207763034068170096e-03
3.085299455535390201e-01,9.291027905068746651e-02,3.130460341824209181e+00,2.389465955477350079e-01,1.335549563406552565e-01,7.538511578921641698e-01,5.963005079686780133e-03,3.121597096188747922e-01,-2.591094319484052022e+01,-6.452754790824097864e-01,-2.433003391364883528e-01,-1.202752196354541114e+00,9.037424350796430250e-01,2.777615677842540376e-01,5.312457880681917821e-01,-2.950255746750586328e-01,-2.301188201871855535e-02,-2.815185066678907444e-01,3.317997145209766047e-02,3.253148100173385848e-01,-8.267504410676407289e-02,1.766129399913989365e-04,1.164641322230975442e-04,1.170038940879602888e-04,1.036218292217118875e-04,7.693465834256463254e-05,1.211723326544915293e-04,8.337789334850098568e-04,3.685152715916268241e-04,2.555865417135169009e-04,8.164859042471992671e-05,7.542184661358477702e-04,6.454381219815702670e-04,2.688538336610903513e-04
2.867513611615244984e-01,4.021313189799746723e-02,2.995876520763395501e+00,2.404363345133910812e-01,1.459928766721371729e-01,7.707177266128851789e-01,2.156367549716797435e-03,3.121597096188747922e-01,-2.649267145284787262e+01,-5.540445960126032521e-01,-2.692502323130805397e-01,-1.347094589096302641e+00,5.929471568649343771e-01,7.640756706649125263e-02,4.490762083636520297e-01,1.063435652219269362e-01,2.093484265947415102e-01,1.723423742887454993e-02,4.879098301397340187e-02,7.843562823588293154e-03,-1.391170077813913379e-02,1.826589290316192246e-04,3.182631939674379217e-04,1.549235895501745825e-04,8.484273802813068919e-04,1.011338525082416891e-04,6.942429325483968731e-05,1.215900766127336278e-03,5.060960128373253198e-04,2.850759726701964248e-04,2.453025855132135737e-04,7.207770901252156680e-05,6.604248477234039025e-04,3.417445598324758411e-04
2.513611615245008868e-01,2.128028018479757172e-02,3.268783774347452376e+00,2.398797736491698196e-01,1.434597447898667555e-01,1.641890560527167864e+00,8.820175527654105715e-03,3.756805807622504711e-01,-2.645697383936992253e+01,-6.493960824520815800e-01,-1.740585046501729738e-01,-1.044407651899566414e+00,9.215430790717846765e-01,4.679223831706630365e-01,7.962127905253495452e-01,-1.745864972466320275e-01,6.528656524523510085e-02,-1.795595629308185670e-01,1.455002761182409565e-01,9.088395919950725821e-03,6.575022588948008229e-02,4.612093005987345654e-04,4.603932810610943420e-04,9.658390757522035755e-04,3.223019658112140015e-03,3.147625343977667129e-04,1.111240235536990729e-04,1.929463301030245187e-03,3.466394945059937237e-03,1.297192598514871741e-03,5.806470331166538410e-04,4.774438878173204066e-03,1.606030137687016130e-03,1.423034540547306239e-03
2.808529945553538965e-01,5.298558357104679595e-02,3.181320348309642831e+00,2.670111260615075643e-01,1.583344315586171502e-01,1.160943790970415890e+00,3.319978383139743795e-03,3.148820326678765658e-01,-2.625315725915826448e+01,-8.558705128074844959e-01,-5.313108402622610527e-01,-1.250985927515075202e+00,1.208015905072683971e+00,4.990453654755971358e-01,6.943424494525520796e-01,-1.288239987380771778e-01,-4.625057768966735205e-02,-2.170032226884273108e-01,5.358436806120917689e-02,-3.307804761814566417e-03,-1.010937804410539931e-01,3.193310923511867658e-04,2.483785423956781755e-04,1.973346816892879900e-04,8.231387923314432455e-04,1.560535072647158735e-04,2.058435057602096060e-04,1.480620805545241172e-03,2.191458572536391855e-03,4.653385248562818448e-04,3.188882322283328368e-04,3.890094510387355508e-04,1.757379919414788980e-03,6.710518395468461966e-04
3.112522686025408492e-01,1.511236668498929236e-01,3.035397178925982153e+00,2.525621650118470840e-01,1.299080179463148188e-01,4.629555611444168828e-01,8.663763589361706680e-03,3.121597096188747922e-01,-2.632623496927859463e+01,-9.161958802133420843e-01,-4.200444309984218139e-01,-1.163566349386185195e+00,9.659714224649719183e-01,5.590028923910760339e-01,8.868438562254771229e-01,-2.001544011875551199e-01,7.436357778507690641e-02,-2.069890641934666597e-01,1.019659560072883331e-01,2.959607197037851800e-01,1.243388222224136169e-01,5.614768421545857210e-05,1.499117551313003394e-04,1.291886246686923395e-04,2.568336835034194842e-04,5.080150438071855747e-05,4.157365738601595382e-05,7.200181249533595118e-04,1.132557324623394374e-04,1.838199436997298207e-04,1.100281070734110075e-04,1.664016705517293716e-04,9.161852626204733526e-04,2.675204176470094650e-04
3.044464609800363042e-01,4.254823943284041093e-02,3.087320695385672220e+00,2.838418795685762608e-01,1.760594614714451334e-01,7.230211847146480464e-01,9.092894582868283823e-03,3.139745916515426227e-01,-2.658089367228408761e+01,-9.077374465091216926e-01,-1.865024690073295022e-01,-7.986430621711048117e-01,1.195336722222601455e+00,4.359478497252937124e-01,5.443360058105095600e-01,6.890664882147856662e-02,1.735011612355208746e-02,-7.136388013078756587e-02,-6.341923644164135232e-02,2.595043149300870627e-02,-1.179734642080762091e-01,3.181995519545816162e-04,9.585017368495746053e-05,1.465515410097576637e-04,1.806910105041376481e-04,1.679583864956658552e-04,1.086376578303355569e-04,2.583147237587998476e-04,1.057504404464221356e-03,2.778861366103492557e-04,2.484742534534195406e-04,4.205619645190529108e-04,5.179527495864888172e-04,2.535236379258655253e-04
2.563520871143375457e-01,2.680673395356185373e-02,3.281880914373300318e+00,2.378143345789772711e-01,1.486628428240112931e-01,1.429993619741467992e+00,3.956442631257730234e-03,3.130671506352087352e-01,-2.639486534723826594e+01,-5.947001918489687178e-01,-3.047690372242256585e-01,-1.263175723669606398e+00,9.515209936730376628e-01,5.047774132877037578e-01,7.427830384644007466e-01,1.438586682895338364e-01,1.373425171759292407e-01,-1.999320886983167456e-01,7.782961529731916017e-02,3.465269214579453361e-01,2.148593033531780994e-01,5.621709870253544265e-04,1.426605693112049152e-04,4.794075676960841514e-04,1.859881112923354339e-03,1.523088553160174266e-04,1.152168777304649050e-04,5.555130253783074554e-03,9.121196840181832128e-04,3.543964731434548487e-04,3.065473217094955819e-04,1.141264145091503606e-03,2.855032357860455648e-03,1.529153115816580177e-03
2.899274047186932712e-01,3.272872759081926070e-02,3.254048002991512867e+00,2.483131856888795841e-01,1.420671821554543024e-01,1.265480994142105464e+00,1.825652884576333713e-03,3.130671506352087352e-01,-2.671865042519488398e+01,-7.546622298620000446e-01,-3.958920941439282859e-01,-1.079291784368040741e+00,9.818813687077850849e-01,3.998685260123878149e-01,5.082580100194599160e-01,-3.701331375694257853e-01,-1.598069363666834442e-01,-2.058049869156199363e-01,3.374741889316839050e-01,4.196443012581710930e-01,1.329858761755152718e-01,2.189407017656236809e-04,1.800087914319549670e-04,2.867454160527785258e-04,2.504608476492904234e-04,1.458159635670022421e-04,2.548192277296227985e-04,3.657739369128120994e-03,2.095132938947682610e-03,1.017306278971851771e-04,3.047529790426060318e-04,1.179067737624715870e-03,4.079196954650088358e-03,1.374079906412954081e-03
2.881125226860253852e-01,3.570072375175084578e-02,3.254954981671387859e+00,2.424208551768671227e-01,1.528337195145387517e-01,1.210864828330129539e+00,4.059609824184847587e-03,3.112522686025408492e-01,-2.670422572939125416e+01,-7.727435583939940011e-01,-3.417987939946440235e-01,-1.270703311792706014e+00,7.891019288107246066e-01,4.291731384186731613e-01,8.002876176584676760e-01,5.312448730088056154e-02,2.639003522850675854e-01,-3.169612508933305484e-01,-1.920551035758233105e-01,1.068270028605378674e-01,1.499030565559466843e-01,1.428957457512542676e-04,2.005568295602079706e-04,3.431515988321455816e-04,6.518410014789613851e-04,1.467413399521144289e-04,3.516962649963411430e-05,6.101941572823760263e-04,8.904285485279264971e-04,2.187080495391228248e-04,1.886024800018831651e-04,9.171280707186386461e-04,2.167223987854998129e-03,5.684854189467276539e-04
2.962794918330308724e-01,1.946535300048615746e-02,3.191449672691260897e+00,2.428360524956865718e-01,1.541097539143872486e-01,9.400592305188719688e-01,2.524190408225614277e-03,3.121597096188747922e-01,-2.694058243407350162e+01,-3.896947628203951686e-01,-9.340477402300532972e-02,-1.136762097735921184e+00,8.715275903562438309e-01,2.922726842525510960e-01,6.505169832845515421e-01,2.408290851816710099e-01,1.206365444408384335e-01,3.011932006775122975e-02,1.712833292971773771e-03,-6.101737933580837075e-02,-2.508759166666559848e-01,1.497138545597418390e-04,4.162894560443080282e-04,4.629417768927040567e-04,2.050049045042633654e-03,1.636721650378136165e-04,7.708251775753026814e-05,2.537294621804428094e-03,2.773336473415672927e-03,4.147368014449864066e-04,1.942372648185278824e-04,4.471106106434616519e-04,5.461226272152202047e-04,9.467982274880163774e-04
2.196007259528130751e-01,5.717377721672308767e-03,3.180694180135387406e+00,2.314889607152903483e-01,1.758256836803675505e-01,1.626655075603440803e+00,5.885873724810032973e-03,3.112522686025408492e-01,-2.723479422022561636e+01,-1.603754189088707829e-02,-3.613268300967334423e-01,-1.527935857410903653e+00,5.172230830634149124e-01,2.217218751974005531e-01,5.969497841072801680e-01,3.765837483953817649e-02,6.065155874124777968e-02,-1.859957685524794291e-01,1.963665991250181098e-01,3.310424641603940121e-01,6.673861907848289282e-03,3.490104675049526860e-04,9.048280548398014191e-04,8.392508964697891795e-04,1.251678139169632061e-02,3.769188641488984467e-04,1.654290648429931811e-03,1.652539573417590238e-02,4.774293912310016361e-03,4.422759772877705694e-04,6.014862484003035076e-04,1.937780830673982999e-03,1.705722662654605027e-03,5.106113751422550716e-03
2.127949183303085301e-01,8.326669336313511846e-03,2.843174081075644732e+00,2.297922438841279447e-01,1.602281980757334356e-01,1.668126033328899860e+00,3.800604571553888814e-03,3.112522686025408492e-01,-2.692554480393989991e+01,-4.695794857409898437e-01,-2.622821501931527077e-01,-1.254616010166671902e+00,9.644152741219486069e-01,4.810493144081643968e-01,7.320940881268350742e-01,-6.794563153697862068e-02,-3.494197088381094662e-01,-5.168242580031818800e-01,2.155409494540424242e-01,1.402192955670441554e-01,6.900179855029156539e-02,7.537164766004895208e-04,6.485639140854433009e-04,1.262680046816088298e-03,3.395503054265141662e-03,1.095490314819597003e-03,6.421587025357894038e-04,2.068408176126906514e-02,1.923030185847532294e-03,1.074410336159773447e-03,5.131398313008731036e-04,1.744390762744673154e-03,1.375379382439125215e-03,5.407291477140062537e-03
2.486388384754990855e-01,2.536780144480820995e-02,3.291279538477443811e+00,2.377963627624738174e-01,1.431658708160613580e-01,1.660817444943987198e+00,3.807616309041163966e-03,3.765880217785844142e-01,-2.622000219523649989e+01,-5.478302280403599678e-01,-4.168974835163828940e-01,-1.276558748594778248e+00,7.246850030624946148e-01,2.791085932213724363e-01,4.840139684125644437e-01,-3.538409856794068054e-01,-1.014003083784839887e-01,-2.273131233704093479e-01,-4.392188038596658850e-02,-1.432084381738936152e-01,3.094280258304797290e-02,5.163139842998930177e-04,4.771222961222679453e-04,4.012426314158039787e-04,1.721820932521211066e-03,2.053267503265546916e-04,2.403007082393698337e-04,1.042574812263855587e-02,2.706708783474020413e-03,2.255709085274963416e-04,5.523792606794264816e-04,2.603618403622842432e-03,2.534055739799172561e-04,2.776394919612749836e-03
2.908348457350272143e-01,6.252802788212985519e-02,3.105471563514973887e+00,2.541835379563984199e-01,1.354893794560199094e-01,1.075647390717800578e+00,8.403209559837558282e-03,3.139745916515426227e-01,-2.618771935655853866e+01,-8.329204592741430435e-01,-2.213331923064099371e-01,-1.170583722628501411e+00,9.385248824607076434e-01,2.389329245681816316e-01,4.977896194530879170e-01,-1.072934553068723568e-01,1.505635327332612294e-01,-2.050864057787664674e-01,-2.529954067819881747e-01,2.245109684899324054e-02,3.054638725521120063e-02,1.125107931036467540e-04,1.527129663503429778e-04,2.229810737475482684e-04,5.775895828804210015e-04,9.163611321930166553e-05,8.526137191676211292e-05,4.981890067362550103e-04,9.567911538890726221e-04,1.846976089254632179e-04,2.796129892262920729e-04,4.270626387602104949e-04,9.154565976763515481e-03,2.452313082930953573e-03
3.098911070780399069e-01,1.090659282156899584e-01,2.946289010296876398e+00,2.659869844878011147e-01,1.406659705162330853e-01,4.794886602151511856e-01,6.720771889240011870e-03,3.130671506352087352e-01,-2.672067137442886420e+01,-1.017164981246380995e+00,-2.574317245102076268e-01,-1.157165738818439760e+00,1.028810133764211487e+00,4.737975310916359151e-01,6.914883060928397329e-01,-2.245456599640589801e-01,-1.966206351506313288e-01,-3.273044463051247299e-01,-2.106745906027414350e-01,1.009169701844638278e-01,1.857268185801758675e-01,1.065438468587561887e-04,1.149835784999696687e-04,4.655787178334957224e-05,2.299601768092383121e-04,6.380935052643404895e-05,4.000946567472692469e-05,1.853575059304394775e-04,3.516804221810868503e-04,3.898297162788877759e-04,9.349775345637758705e-05,2.254013418497329750e-04,1.604811725864399824e-04,1.097562345761399769e-04
3.008166969147005321e-01,4.038336078095559195e-02,2.952131994256053549e+00,2.699069614062068467e-01,1.671355198753164684e-01,7.446158683671715295e-01,5.922056189453582357e-03,3.121597096188747922e-01,-2.651297288292071386e+01,-3.662529680243830632e-01,-2.465614710479916150e-01,-1.249395017847843459e+00,8.012834102044648077e-01,2.738556266058947419e-01,6.796888482637246653e-01,5.993034841067659130e-02,8.892775746273283433e-02,-2.029213543734048331e-01,-4.600092483422099643e-02,-6.494307632591068968e-02,-1.660793009351572425e-01,1.566155490829243687e-04,3.483361144952315806e-04,3.492589296180120947e-04,9.709344584690539652e-04,9.681141237796935613e-05,1.478180778872602806e-04,1.703419344214742066e-03,5.379577248085369058e-04,2.984249077216396488e-04,5.302445398849711753e-04,1.566030968425527264e-04,2.825012659132433539e-04,4.390964269420113519e-04
2.577132486388384880e-01,2.768800394599161413e-02,3.174341877982439719e+00,2.295892582569599716e-01,1.405765321978905413e-01,1.423864126278981512e+00,5.136965056383131951e-03,3.112522686025408492e-01,-2.659368786717453048e+01,-7.315895321875917068e-01,-4.778865762915679438e-01,-1.572569901199138531e+00,6.741543534581100339e-01,1.296226857917225084e-01,5.335371699352476904e-01,-2.252333372984257343e-01,-3.536386795253750742e-02,-1.883693758927472428e-01,-3.283544941394956479e-02,6.441733171087600518e-02,3.625612306627865739e-02,2.407084448673233856e-04,5.728669873418460855e-04,3.040509127413220216e-04,1.625661214239631060e-03,1.024441791113352032e-04,1.086967158212775281e-04,3.302593296662264567e-03,2.966590555910126811e-03,1.046927139808872175e-03,2.370650973461492430e-04,1.398386316090560137e-03,2.526207772166272152e-04,1.068631070356179007e-03
2.504537205081669438e-01,2.943095851724819925e-02,3.254195261338090006e+00,2.308449652285764486e-01,1.423487563413593227e-01,1.528918605706343969e+00,5.300750274253945848e-03,3.130671506352087352e-01,-2.653159744834919564e+01,-9.239790726980973146e-01,-5.667328112421954334e-01,-1.313965048433001659e+00,1.087625976647066617e+00,8.390788769350291387e-01,5.684783517895520832e-01,-4.252159223628244611e-01,-1.378734892487030184e-01,-1.048296661041801109e-01,1.429298479249118403e-01,2.503255754899699204e-01,2.289182137259448413e-01,4.218386670077960642e-04,7.350695697807744068e-04,2.327480119770047439e-04,5.002131744126121771e-04,1.280677118314287272e-04,3.780895090203642886e-04,2.068458806317861887e-02,7.241429245174732044e-04,8.678786197667461575e-04,3.939536667598981623e-04,9.489806999142113165e-04,3.666698957488092204e-03,5.563216074744411349e-03
2.940108892921959871e-01,4.671272349153791220e-02,3.222247959526367556e+00,2.351132657660828240e-01,1.451118050884688537e-01,1.135199422433759597e+00,8.959642881220159644e-03,3.121597096188747922e-01,-2.646026406063427672e+01,-6.717416867269299097e-01,-6.909164922542219145e-01,-1.515226926339586999e+00,7.192011041280050865e-01,2.756686009734367615e-01,8.523425647508484637e-01,-1.498546056923503178e-01,-1.163143041911183229e-01,-1.702045366486977240e-01,3.028568730609651483e-01,2.263627737852589306e-01,-2.849680527494365123e-02,1.009224834655530264e-04,2.655023766740072862e-04,2.311453830342994383e-04,3.747370926806173450e-04,1.581807133434778541e-04,3.876367890913695168e-04,8.094130497094797344e-03,1.227664187497975535e-03,2.544496684472710756e-04,2.468473984353606221e-04,4.191113526098289824e-04,9.173969615198178775e-04,2.145171870941763124e-03
3.008166969147005321e-01,1.801179958928700309e-02,3.213442871284389213e+00,2.420298993046106628e-01,1.619497396801486411e-01,1.186664731904604198e+00,3.159170040853327439e-03,3.112522686025408492e-01,-2.666996612185612037e+01,-4.942431951598373341e-01,-6.255105160923352114e-01,-1.414784321292289260e+00,7.517139852107495024e-01,3.563348494179107151e-01,6.157580214073524738e-01,-1.365918682698832320e-01,-4.244207104717043211e-02,-1.051426409503209702e-01,1.158267151904783798e-01,1.029103843425264037e-01,-1.580156353827250337e-01,2.273381866340107879e-04,5.684173076052128834e-04,3.028940091447997760e-04,6.378035613990239942e-04,1.767968330384748501e-04,4.902698612589367726e-04,1.155302035104063298e-02,1.227685021255964931e-03,5.978942332000426827e-04,5.882171654522701937e-04,3.508257874318687088e-04,1.314332140906512023e-03,3.049205726425945583e-03
2.218693284936479049e-01,8.252473103065731050e-03,3.176581955166856375e+00,2.259814768464809276e-01,1.644331701531488998e-01,1.571889775410994838e+00,3.675958104325385573e-03,3.112522686025408492e-01,-2.716443518265888457e+01,-3.656540000196217832e-01,-1.832840391111175971e-01,-1.414661439042851132e+00,7.420273154653814762e-01,6.929611666901359657e-01,1.139460571573099879e+00,-2.684468468951512476e-01,-2.800266797144779218e-01,-1.738295786642335417e-01,2.296990942092501931e-01,3.604700832493251128e-01,3.889271830985759903e-01,3.236303337068424223e-04,1.161661520114895410e-03,4.257552177372521569e-04,2.381860394932032790e-03,1.129205434161620163e-03,2.313708179654584002e-03,1.024669100789700645e-02,6.593299794901529530e-03,8.223840871059458343e-04,3.487994469573696670e-04,1.776343662306885439e-03,1.325451992443938288e-03,2.868785321966533727e-03
2.441016333938293981e-01,1.470947320405262097e-02,3.269415411778885616e+00,2.348101436632833161e-01,1.493174355163625344e-01,1.659522250597226689e+00,2.442302044190149731e-03,3.756805807622504711e-01,-2.670795489076132512e+01,-4.666943252837059686e-01,-3.460441463663704864e-01,-9.550158570375136824e-01,1.139542756888245023e+00,6.142613680523687503e-01,8.134390996789614414e-01,-1.187003808055733384e-01,-1.384160378935253288e-01,-2.861567548030596875e-01,2.156504241486517370e-01,3.478619190070841305e-01,1.131579973835651481e-01,3.585135979019832145e-04,8.151437403813030849e-04,7.777350112240322220e-04,1.060200299615753940e-03,2.576337802568184703e-04,3.653131951892402899e-04,1.199289681724612436e-02,6.514518009983028685e-03,1.789598037944200941e-04,6.778727850163067782e-04,3.280189497772648816e-03,1.066805139098897428e-03,3.404207063586619716e-03
2.962794918330308724e-01,4.600848703124232886e-02,3.147810655006411995e+00,2.691783873119453774e-01,1.605594537892992002e-01,9.483761112928146275e-01,6.092026652074742678e-03,3.121597096188747922e-01,-2.661216823100683726e+01,-9.660199096974605437e-01,-2.949832236229877336e-01,-1.086301809400258778e+00,1.023147918109572840e+00,6.782444758062218249e-01,6.858382763116409597e-01,-1.301838111866207848e-01,7.563422922935202075e-02,-2.546336687948242972e-01,1.293774383722346225e-02,1.914358735596535244e-01,1.734558240156084674e-01,1.647155846722709227e-04,1.378987939182210818e-04,2.129582979952231051e-04,3.290584665018453110e-04,4.355412077061700086e-05,3.214316539809066527e-04,1.159016755431704297e-03,1.087530707814377603e-03,2.768905207695419781e-04,1.542906826108750935e-04,5.162675420505694101e-04,7.297475687724518274e-03,1.937385920044989865e-03
3.107985480943738499e-01,7.188040834392064871e-02,3.034952522788129325e+00,2.660646713308606470e-01,1.533126556486427983e-01,5.279607835071367106e-01,6.740457773473406029e-03,3.121597096188747922e-01,-2.689626887931549959e+01,-6.757095340100953695e-01,-7.155208951990851829e-02,-9.451399939162616892e-01,1.166849723582850773e+00,7.047562320302561689e-01,1.085573055346682025e+00,3.407653399424586532e-02,1.008179963596470413e-01,1.521931414329047161e-01,9.614256172561599922e-02,1.309977890080065988e-01,1.076442789223469171e-01,1.000202472537631802e-04,1.661680605065916385e-04,7.929667214542449071e-05,1.852279049906655980e-04,6.736323190381312718e-05,1.979525798690266001e-05,6.186894711117287959e-04,4.195654888441774843e-04,3.715693496616873873e-04,9.479730154498220167e-05,4.097853215650818751e-04,3.250769830114442062e-04,1.784728795509963749e-04
3.039927404718693049e-01,2.644060817660480803e-02,2.911171371916394524e+00,2.548648416018946539e-01,1.497661021046990115e-01,6.977474947140833716e-01,7.904928261697741904e-03,3.121597096188747922e-01,-2.702378342453831195e+01,-9.014278534417519140e-02,-1.958186705367936931e-01,-1.324786944014380019e+00,7.954697718522292238e-01,4.687160990350165979e-01,8.913810325970361603e-01,8.892756486597338736e-03,-5.502238501823589895e-02,-3.137721743837951771e-01,-1.378642441059327317e-01,2.897013371070954468e-01,-4.136428569093458102e-02,1.474530367011581166e-04,5.281166018880730428e-04,3.351639103538080460e-04,1.423010438332186897e-03,1.430520202861116968e-04,2.747973172620928636e-04,1.524788613077831352e-03,1.932706722822867497e-04,3.135190940916183990e-04,3.217619299140413299e-04,2.326233823312317227e-04,6.484457242066486325e-04,4.551607550134716910e-04
2.885662431941923844e-01,9.696328157889316790e-03,3.251548016767714433e+00,2.327859120953900685e-01,1.691417876353320526e-01,1.186971045260091007e+00,5.409585573870430951e-03,3.121597096188747922e-01,-2.746024928712802904e+01,8.710416190897643518e-02,1.876741049416014856e-02,-1.351445881725137355e+00,6.157322874223608578e-01,2.891788089539233941e-01,8.759879288469204495e-01,1.731596557039116469e-01,-2.019583439518806145e-01,-6.825340657992413906e-02,7.921673179982549867e-04,1.702366009995756602e-01,3.664835730681650916e-02,1.329402119268828736e-04,5.859762809925110399e-04,6.489338364638188661e-04,4.223510204045982999e-03,1.880990904295029998e-04,1.043050403793454548e-04,6.840279835376679614e-03,6.830655603012650810e-03,5.321912410422101726e-04,1.392174038928533177e-04,1.083599202696682116e-03,1.945463957010601928e-04,2.501537940707020385e-03
2.831215970961887263e-01,8.650492011890499947e-03,3.237496224024926317e+00,2.350597255444724087e-01,1.688007370905155180e-01,1.359213593348088001e+00,3.621289986402789502e-03,3.121597096188747922e-01,-2.763088482946762525e+01,-1.886312818647523648e-01,-3.351029650497215906e-01,-1.382420606162578780e+00,9.924675320700981906e-01,9.649604765086640112e-01,9.757463405682950119e-01,6.705293570797779545e-02,-9.591863787178299405e-02,-1.324383246211534582e-01,2.085617269776097182e-01,4.281124293669569258e-01,1.167050767891446850e-01,2.929765650179596333e-04,6.553746906790255998e-04,4.084306146568859809e-04,3.632120229233780362e-03,5.657704516846451433e-04,7.246274381813823861e-04,1.732672995750174014e-02,6.583421816326486117e-04,1.743687280211483849e-03,3.179357448990480814e-04,5.201156622062191436e-04,6.672234592156869523e-04,4.620100135041082731e-03
3.058076225045371910e-01,8.242968891410672183e-02,2.873028170547651694e+00,2.672614971453916022e-01,1.508324850482509472e-01,4.564601217062122518e-01,6.461408853131321746e-03,3.121597096188747922e-01,-2.645539872194085618e+01,-4.622912249075044611e-01,-4.874099181681109672e-01,-1.286800694410286994e+00,8.224016336239334812e-01,6.034894388734766135e-01,9.563149361724613273e-01,-2.316272389185635230e-02,-1.911844580980912311e-01,-9.903075024691955497e-02,-9.060999751097453814e-02,6.292544546868230129e-03,-1.053843216355121876e-01,1.424716598356039600e-04,4.332624466514580744e-05,7.630273343789703382e-05,4.103366977215270619e-04,3.340973584166002962e-05,8.189257554411015440e-05,3.439539015866698718e-03,2.347718784363850666e-04,1.751213396178685831e-04,8.003554724893971527e-05,2.337734026004553061e-04,1.774249720436196960e-04,9.138395808601291505e-04
3.107985480943738499e-01,8.792594748880949718e-02,3.074027346747019607e+00,2.950243110755122466e-01,1.755691086663128397e-01,4.657085037937711558e-01,5.927965186718777910e-03,3.130671506352087352e-01,-2.637407775890632067e+01,-3.600968996217022711e-01,-2.495157245463597850e-01,-1.300107764305095115e+00,6.878390926552687690e-01,5.667819523369393986e-01,9.423190165529767848e-01,-7.721860772124820860e-02,1.929614195232795884e-02,-3.804918622934597844e-02,-1.293552451895458866e-01,1.424090216260189001e-01,-2.868717416623262073e-01,1.278893651882940553e-04,2.796483187480362220e-05,1.082402285745391862e-04,4.989660055301981456e-04,7.052225410161180863e-05,1.103143272879458916e-04,2.721120339111285976e-03,8.429574928993748256e-04,3.513882792437623948e-04,1.503030829218899363e-04,9.433658890798162432e-05,2.682652958191311231e-03,9.446763256870175903e-04
2.931034482758620441e-01,3.046686560160120558e-02,2.551736969773934938e+00,2.735820189142558756e-01,1.666812101445272754e-01,6.252366017143005106e-01,2.107582380652735232e-03,3.130671506352087352e-01,-2.679874032226906522e+01,-1.522591328686185852e-01,-6.120057036650817794e-01,-1.284837791355879943e+00,6.875084326470791707e-01,4.961922945760038894e-01,9.519503759123154607e-01,1.432499106546724077e-01,-3.465056372710521582e-01,-2.653949414447507316e-01,-1.739378070010990929e-01,1.625703973615831299e-01,-1.665317619913591063e-01,2.084490933081377016e-04,1.000725590766145799e-04,2.489619120512148428e-04,1.934809886549251770e-03,2.402690281360920208e-04,5.485569355526957085e-04,3.288201926699211002e-03,2.623352768709683600e-04,4.346906518556573431e-04,3.525887786404297269e-04,2.002345170920411498e-04,4.040266711373388837e-03,1.292777217987028330e-03
2.654264972776769760e-01,7.624861358320314531e-03,3.027161900352057788e+00,2.516203214956853618e-01,1.837046488126605759e-01,1.268663420019478627e+00,2.119400202878320930e-03,3.130671506352087352e-01,-2.738480001520241203e+01,1.856587029966957625e-01,-2.029993556204590377e-01,-1.623139891645765998e+00,4.494765061619938606e-01,4.604418542428093675e-01,7.587139594918123064e-01,1.244910196192231117e-01,3.862596132865447895e-02,7.557365084372710123e-03,-1.390696333826482028e-02,1.113159675091413559e-01,-2.061926359256675834e-01,3.960228952814772059e-04,3.443451308852091622e-04,9.041800313214486693e-04,8.701320886487154752e-03,6.104871038311121632e-04,3.603642950376292637e-04,8.559144138995137749e-03,7.421321334521286360e-03,1.308914102899713704e-03,4.596761509206873054e-04,2.811341614482848038e-04,1.602302984330886875e-03,3.296377680437669391e-03
2.363883847549909378e-01,2.260107195692296483e-02,3.212693832238703529e+00,2.562559627512736582e-01,1.667850252483323581e-01,1.514965922923374286e+00,5.436415302985509075e-03,3.430127041742286886e-01,-2.662369676808607366e+01,-7.334351166438090042e-01,-4.824731940473229730e-01,-1.406137687538191017e+00,5.844700781099433362e-01,1.846803191226085161e-01,4.879857033212077200e-01,-2.687203762677725094e-01,3.523489544598019940e-02,-3.487285799141356391e-01,1.164365753840739953e-01,7.771891334188553435e-02,4.453755300227804081e-01,4.099682948006109270e-04,2.918152911093129897e-04,4.715406017595160249e-04,3.134414367829548801e-03,1.911751834038175491e-04,2.378741299897521502e-04,1.393337025228132868e-03,1.474702070964641325e-03,1.213060801168970105e-03,1.863695344659591514e-04,1.880297280393622775e-03,2.332550331859428033e-03,9.324834353155865389e-04
2.468239564428312272e-01,1.980397387635985523e-02,3.244796317149730047e+00,2.392756722232087518e-01,1.505651837101034674e-01,1.645404934064019997e+00,2.498567048139526802e-03,3.756805807622504711e-01,-2.620196630136763360e+01,-4.731392725116880249e-01,-5.031816017063518442e-01,-1.216568856794276510e+00,9.883849216790462355e-01,3.018928782238523012e-01,5.702617870963136992e-01,-9.012439228612127706e-02,1.418538660976199905e-01,-1.453433292592494763e-01,1.373708299185192327e-01,-1.471135644429784617e-01,-3.606660135862347488e-02,4.088925475010288355e-04,3.169879273308314469e-04,7.330265081577623000e-04,2.144077435086295426e-03,3.245056138050191790e-04,3.747544593122771064e-04,1.377317230446770818e-02,1.147089087100466387e-03,1.406404206956613076e-03,5.969691184816539953e-04,8.212483700712995679e-04,1.720476990247364656e-03,3.600437703042475533e-03
2.676950998185118058e-01,2.801360127828684404e-02,3.216939021195650561e+00,2.468631786797821914e-01,1.676198088655171670e-01,1.475005469945873005e+00,5.219520645994701370e-03,3.121597096188747922e-01,-2.660159444722337341e+01,-7.618911276702465818e-01,-5.970787965597916802e-01,-1.463122030290761710e+00,8.929247437314594693e-01,7.087057644105095866e-01,8.751119597771858105e-01,-1.518342244858236212e-01,1.258688361610313215e-02,-2.515128363493215335e-01,4.647190752298840932e-01,1.566214498922987447e-02,-1.084528532125484390e-01,1.131255281382982436e-04,9.229659147793624861e-05,3.568445402435828752e-04,1.127163697310371590e-03,1.573009904862932462e-04,3.536245895010450661e-04,9.554614782307308679e-03,8.794750474979274712e-04,3.057634461183257862e-04,1.968708130678824752e-04,7.105059807669144613e-04,1.152258705639617889e-03,2.530616567060376809e-03
2.763157894736842368e-01,1.234242005616291611e-02,3.110784520398020891e+00,2.312072771516660574e-01,1.623761641933103850e-01,1.356700196052377461e+00,2.649985700777959634e-03,3.121597096188747922e-01,-2.692071064033597949e+01,-1.901138482920248229e-01,-2.379815955433010055e-01,-1.158783006442877461e+00,8.290746689148443815e-01,4.704128233271137050e-01,1.009870799958785259e+00,1.784649516841242400e-01,-7.729924257473230753e-02,-3.342180953537343124e-01,6.358945401111823492e-02,6.703443527393479484e-02,-1.173039000505929526e-02,3.744930989576234479e-04,1.385806650851880589e-04,8.992007471070040392e-04,2.901549681166535298e-03,9.260879804498230259e-04,3.708492705206477389e-04,8.818624265112330260e-03,2.066374637913326491e-03,1.060692206097195287e-04,3.003346985999155207e-04,4.356487601110906201e-04,1.356660429004677253e-03,2.335029727039664334e-03
2.186932849364791320e-01,3.735618591795093410e-03,3.213188819858271206e+00,2.310068243507157892e-01,1.789644967404119824e-01,1.694852213118029916e+00,3.419036535499369537e-03,3.112522686025408492e-01,-2.764245052478477049e+01,-1.437290896557067224e-02,-9.046412510888703074e-03,-1.027334743438858000e+00,4.715411206846879533e-01,7.765745895484424399e-02,6.429732990582542884e-01,2.772450024207524510e-01,3.211844398074937268e-01,-2.652617245805718449e-01,-2.289340490904172992e-02,2.122464304916595046e-02,1.220238409751481790e-01,5.505048343000739589e-04,3.878051126421723548e-04,8.392473251762190643e-04,1.363212628999182878e-02,1.127710909994077138e-03,2.872129330821629272e-04,3.688896904405769128e-03,4.414483860988790108e-03,3.248455280781967691e-04,4.238608323654447147e-04,1.303613787797647337e-03,3.313428831074318945e-03,3.627786620951608740e-03
2.064428312159709566e-01,8.542057714754898098e-03,2.977891671739352653e+00,2.390909105751660158e-01,1.712526810313239334e-01,1.357919378065117977e+00,2.262311165203426382e-03,3.112522686025408492e-01,-2.728621443510579070e+01,-2.429663497187687926e-01,-2.379126984259799515e-01,-1.515218566318409454e+00,5.889549798631744659e-01,3.995333248032317819e-01,7.946178419976136498e-01,1.042446557146752412e-01,4.695524666581846751e-01,1.759054070506885781e-01,3.093301347257454981e-01,1.240610281572668838e-01,2.238427652589674577e-01,5.109107592690036257e-04,2.901642378145432135e-04,5.724576012464338906e-04,4.342060160822951327e-03,3.553719152786982065e-04,4.963402074565454266e-05,4.908159294516800317e-03,6.150780670605200283e-04,9.570326900016056784e-04,3.387845731923846840e-04,5.491826754823085979e-04,1.684223947104601660e-03,1.557435752042694204e-03
2.391107078039927392e-01,2.427207193816396935e-02,3.245971624352493201e+00,2.331766193502620710e-01,1.461131691490453466e-01,1.517059849777686598e+00,2.687660395588994857e-03,3.139745916515426227e-01,-2.632579470077289940e+01,-5.940270567458466600e-01,-2.062654269970377596e-01,-1.347723018585371468e+00,8.013608465319427276e-01,5.853348328175599358e-01,6.955396948364899190e-01,-1.945479846349907060e-01,9.463510774424641059e-02,3.627503298188552300e-02,1.966449864454154484e-01,6.326515688739270393e-02,2.706256280627775471e-02,1.939655190751064285e-04,8.865818189825815142e-05,2.567585957820189314e-04,9.849747984693028348e-04,2.112517394110136190e-04,2.433095907551567454e-04,8.935996724807928823e-03,3.747030745249785647e-03,2.814599786688141373e-04,3.253547135943291100e-04,3.563055944251679753e-03,1.763170434857134128e-03,2.511984208943270763e-03
3.103448275862069061e-01,5.287428060794736873e-02,3.215790222803547760e+00,2.417247680705624790e-01,1.397852514065555940e-01,8.590092217887397297e-01,7.999075391490402184e-03,3.112522686025408492e-01,-2.662340736473758085e+01,-8.146142476508470009e-01,-3.303963384226884514e-01,-1.025257022969651377e+00,9.018982093840139935e-01,5.373980211328129863e-01,7.266810955334180866e-01,-3.127028070278921601e-01,1.885126658417135836e-01,1.608946329001970377e-01,3.055370438192421267e-01,2.377950493133333676e-01,1.834797347918757926e-01,8.103249317173762546e-05,2.238094341032866743e-05,2.435244614148763674e-04,2.435594423553315269e-04,8.983944982620832359e-05,1.338175803508945348e-04,2.438256097844832687e-03,4.930652389599411321e-04,1.343760061834230928e-04,1.898385654136300674e-04,4.152177089754765312e-04,4.370683444524857235e-04,6.283965106025589647e-04
2.944646098003629864e-01,2.709038815855734084e-02,3.149058237393549398e+00,2.439636797090554976e-01,1.525511111135685327e-01,1.059221172474849260e+00,2.845509089435781236e-03,3.112522686025408492e-01,-2.680031197811162613e+01,-3.947222333040957820e-01,-1.988651698044464344e-01,-1.313055894730126516e+00,9.542582108929992257e-01,5.132022738656474292e-01,8.143829251406766723e-01,-1.781092158691450489e-01,1.050399604874811127e-01,1.428064834012535145e-01,2.999501745831505972e-01,8.045928474071260827e-02,-1.899063257242880887e-01,2.345870939734274780e-04,2.333829391683520246e-04,2.050726380894410850e-04,5.333743732457590675e-05,1.987794723628245842e-04,4.351061275240781481e-04,4.119203857749867762e-03,1.114389879679176208e-03,3.774625479658452916e-04,1.613206452355771606e-04,8.807270961126031049e-04,1.219167690225719846e-03,1.077039706053370622e-03
2.227767695099818479e-01,5.012728378857685824e-03,3.221952365170382304e+00,2.231483743080429905e-01,1.697540002371545620e-01,1.729661319157142163e+00,5.389043727572028278e-03,3.121597096188747922e-01,-2.741018432482606215e+01,-1.668625771084056297e-01,-2.750642730186277918e-01,-1.195742984977155698e+00,8.125432328206552146e-01,4.721214183571596501e-01,6.996424187498967440e-01,-1.789531969553121715e-01,-1.292822025190343838e-01,1.406351035404113624e-02,3.133330194359276732e-01,3.322732617499988828e-01,1.485167801894752559e-01,5.574315018121245649e-04,2.592146620713020404e-04,5.718417564802140982e-04,1.631108659223934375e-03,1.579952745386446495e-03,5.298655672372346373e-04,1.249583889459146557e-02,5.962852766419263380e-03,9.708980048932996194e-04,3.768997053090010745e-04,3.241011744184900140e-03,2.888924398895293278e-03,3.383229709195322010e-03
2.617967332123412039e-01,7.745576656163876382e-03,3.241821406290549490e+00,2.395507856764166610e-01,1.655824739296364034e-01,1.625792888929768587e+00,2.466374428568818798e-03,3.112522686025408492e-01,-2.753043976665972536e+01,-5.021139294029246525e-01,-2.195081100760818971e-01,-1.319118697268698570e+00,7.476381514219412328e-01,4.778795654021842920e-01,6.684061745042750857e-01,-6.856903100206314383e-02,-3.986384710916764940e-01,-9.663661805901115065e-02,5.134137697060570105e-01,1.113726393742907050e-01,9.449695199490039388e-02,2.139771870047439261e-04,1.389220830396740503e-04,6.367663217905752873e-04,7.697172333818833208e-04,2.924300114606376050e-04,5.100791935013148856e-04,1.552932347630032843e-02,4.156463436265476000e-03,9.874590761444364522e-04,9.962080339501528021e-05,4.569858899956757980e-03,3.935138146391760176e-03,4.210283819482925523e-03
2.545372050816697151e-01,3.788407728851066192e-02,3.228461979022917205e+00,2.581811796701274919e-01,1.468680736900588313e-01,1.497649847596678185e+00,3.167771584981085055e-03,3.756805807622504711e-01,-2.635853403500066960e+01,-1.037122232213765205e+00,-2.466868884525311723e-01,-8.646047218896514286e-01,1.064704756137123676e+00,3.263007729557608205e-01,4.629074378963805025e-01,-3.665207058873455326e-01,-7.978347797779324069e-02,-1.234207982720872399e-01,2.247796162070147263e-01,2.446852957226330061e-01,-4.168091295205063329e-02,4.882795848947727975e-04,1.711632196495508544e-04,4.368794746964574783e-04,3.997149546943329357e-04,2.248268039311685082e-04,1.794512229044333690e-04,2.193567852678009796e-03,2.895026013489590717e-03,4.265208951504509990e-05,2.580258715024456731e-04,2.331599515178140337e-03,1.558093182539505191e-03,9.751807839240702680e-04
2.999092558983665890e-01,6.320557091385595183e-02,3.255404878838165761e+00,2.561332355630422941e-01,1.378900097755412502e-01,1.014470138617146855e+00,5.057770961370967704e-03,3.130671506352087352e-01,-2.658797615022945138e+01,-9.951774325985542902e-01,-1.222526323000731330e-01,-1.107939455323166289e+00,8.563090923653979836e-01,4.151760226212588556e-01,2.452059469294467775e-01,-3.605530469530609516e-01,9.114864001464963866e-03,-4.107489296723187966e-02,1.395319802330621251e-01,-4.020365260287528213e-03,-1.260390163554810372e-01,1.339823521674283222e-04,1.165029952390387951e-04,8.017860995139191563e-05,2.532987504789602261e-04,8.247555707257932180e-05,1.020356271095803372e-04,8.778339586421502090e-04,9.975933184539422134e-04,3.846862827939038229e-04,1.132166182520186263e-04,2.274453116551237747e-04,3.960696271049086699e-04,2.990326879166570347e-04
2.794918330308530097e-01,2.962655870065571823e-02,3.161870190162820116e+00,2.405741999119815067e-01,1.374251118822054085e-01,1.287257405375917152e+00,2.312177332366257242e-03,3.121597096188747922e-01,-2.658493765233903616e+01,-9.118295040117225803e-01,-4.843907535596055358e-01,-1.288876739491406020e+00,6.719479510745942630e-01,4.113207183713915027e-01,6.638422416545110005e-01,-1.922531271706055256e-01,2.702438467801451458e-02,-2.358481336291087249e-01,-2.555809567048519249e-01,-1.605553264988927864e-01,-3.133559882032259103e-01,2.494191055741545805e-04,1.830187829561464110e-04,1.581668009143039294e-04,6.070449227799776986e-04,9.072100772324606167e-05,5.653342878723686618e-05,9.645216359718816876e-04,6.550529782112678905e-04,8.523250048844931148e-04,3.647616950902539228e-04,6.613100564865711942e-04,8.363089115063712664e-04,3.120550342855375097e-04
2.150635208711433877e-01,6.061612441832966991e-03,3.269718883313187163e+00,2.250556080873946374e-01,1.584055243318408523e-01,1.607149664226618979e+00,3.674353191073306910e-03,3.130671506352087352e-01,-2.696550349666035729e+01,-1.661427568511257002e-01,5.464559882744854380e-02,-1.114157312722416027e+00,5.986415455908070671e-01,-1.236786075374361887e-01,5.470489267302842684e-01,1.421735499225544874e-01,-1.396251513009646728e-01,-1.707101253130450524e-01,1.794534640885952770e-01,-6.917764388405322519e-03,-2.061347365421948089e-02,6.157883323284551536e-04,5.188587671371845851e-04,2.153875205783255535e-04,8.153801919061877401e-03,3.653658729111409760e-04,7.191565724906880857e-04,4.674198700645181698e-03,3.779682122991100297e-03,9.636466160444333165e-04,7.563935858385875547e-04,1.110875698404045200e-03,2.985617112603857100e-03,2.311497487578346652e-03
2.681488203266787496e-01,6.082500752639723347e-03,3.221989178753402516e+00,2.399291494764253796e-01,1.736602999472140196e-01,1.458862800928704129e+00,2.721073731787160884e-03,3.112522686025408492e-01,-2.781326752899421706e+01,-3.347820566717628621e-01,-9.627104135605332735e-02,-1.149191487904050124e+00,7.576234002907989984e-01,5.432152144102077029e-01,7.677183453274438740e-01,-7.071157654539753090e-02,-2.118780432345999665e-01,-1.233589613364480808e-01,1.957605742284808381e-01,1.378705395812941936e-01,2.384521984578033896e-02,3.044267929379732051e-04,3.051307773218748100e-04,1.328484808645324748e-03,1.739333798307269490e-03,5.123293917210588631e-04,1.278940908339273050e-03,4.637052927099379052e-03,3.107584204260558161e-03,1.258775613057090291e-03,6.552057692539992170e-04,5.814405288590883750e-04,2.632720863682614428e-03,1.267627524723001064e-03
