1.547186932849364815e-01,3.692214978918017171e-06,3.243795380192000533e+00,3.894009256906849070e-01,3.299197930379880739e-01,1.300862745096247552e+00,0.000000000000000000e+00,3.802177858439201308e-01,-3.581979822886112430e+01,1.672989597977188936e+00,-1.113521748471305584e-01,-1.702264555939835833e-01,2.411679571130550259e-01,4.262586841767800894e-01,2.702556295713516576e-02,-3.139022377751537335e-02,7.615887065964929703e-02,-4.131677446618600702e-02,-2.096979749052248765e-01,1.946169079299847060e-01,-5.976596771960662052e-02,1.856047767176906976e-02,1.758744584636272573e-03,7.134727397343948452e-02,1.978001459721489240e-03,6.861132413552087361e-03,1.568679636009377449e-03,2.141482746615383792e-01,1.149034818735124785e-03,1.434990430870472901e-03,1.345729609742662763e-03,1.462908430175334680e-02,8.928155219601320537e-04,5.928826570466651236e-02
1.950998185117967243e-01,5.258091927797783199e-02,2.643365103533168003e+00,2.519470632330306770e-01,2.234653947079409675e-01,1.318634900617696282e+00,4.685341935201607112e-03,3.266787658802177696e-01,-2.311239404807511022e+01,2.241393720036974457e+00,9.609421354016629557e-01,-1.514422133342911536e+00,-1.262285399356317228e+00,3.848350094192185544e-01,-4.644741111796587552e-01,-6.524858736838327067e-01,-5.030645213313084119e-01,-6.434163346296641883e-01,2.744023726844696531e-01,7.013221440086779557e-02,2.724465395886860319e-01,3.338856651942967348e-03,8.287550980352001049e-04,1.517299287988300473e-02,1.461955744212220173e-02,3.219467515250961503e-02,3.471869005997320345e-02,1.645452060604567918e-02,3.435834001807845563e-03,7.410691899687386723e-03,2.229705543281314262e-02,1.771536416756246818e-02,1.828254107756366841e-03,1.095717053530429266e-02
2.132486388384755016e-01,1.900990024875280626e-02,3.080503948431234651e+00,2.691892591532123458e-01,2.157553963469061309e-01,1.455327685707693774e+00,3.606704731674870504e-03,3.402903811252268595e-01,-2.447029077027588073e+01,1.605498644008460651e+00,1.000830189879522658e+00,2.685725511796261955e-01,-3.429431127512858057e-01,4.447368292203849882e-01,-8.488869168903238061e-01,-1.700195113227050692e-01,4.740638768978485129e-01,1.300059058706750648e-01,3.429422500477214975e-01,-1.523219201405503487e-01,6.832708907431447876e-02,9.496507708184756882e-03,1.779524927224535426e-03,5.306589374307044138e-02,5.202488310045212498e-03,5.918289142344928568e-03,6.725352476654566924e-03,6.776629725411549565e-02,6.345804786885511856e-04,2.429858834567499761e-03,1.793688842196783763e-03,7.561714729542979609e-03,3.514868185938912690e-03,2.120284138542938290e-02
2.640653357531760337e-01,1.411884198909054734e-02,3.270598055952840699e+00,2.907358277609706776e-01,2.135308238117229196e-01,1.699911397080894560e+00,2.315616392490918180e-03,3.393829401088929165e-01,-2.509221280857329361e+01,1.078898514356844140e+00,9.405554936332757299e-01,9.243989442148236035e-01,6.184276834283617547e-02,6.392153246075714668e-01,-1.723349803657872048e-01,-2.797896916417823565e-01,4.149440654639913184e-01,2.088261542759910216e-01,-1.837161850511851990e-01,-2.294581894777700248e-01,1.658442589546403889e-01,1.005486136332890343e-02,6.852232189323983558e-04,1.340913944529050113e-02,1.309707519560021453e-02,2.159452809767518217e-02,3.039139538515917352e-03,1.518171215071290568e-02,4.918069369354669012e-05,5.415773309907991225e-04,9.017276077606882143e-03,4.359007166804640225e-03,2.787809980476534631e-03,6.670023771642497913e-03
1.497277676950998226e-01,1.949639702726055010e-02,3.257284026557693224e+00,2.394173805340918115e-01,2.180129747434411680e-01,1.166861726517318898e+00,3.104693009820667232e-03,3.294010889292195987e-01,-2.471029403386606305e+01,1.920262619813645877e+00,1.225099973603579695e+00,1.257511823417848618e+00,-1.111973081763525661e-01,5.873422261736414018e-01,-1.131847174704475462e-01,-5.690143544899028960e-01,2.124199389761904644e-01,3.506533582703416085e-01,2.413122307074781758e-01,-2.599216701436911636e-01,1.741967330579654097e-02,7.972872145801385493e-03,4.066580666302700492e-04,4.001957708056261970e-02,9.452876382645854919e-03,2.351104306039050393e-02,1.267787606920917857e-03,9.720216697297533182e-02,5.984236512665843354e-04,2.330100047830566644e-03,2.188502801860461172e-02,2.279585489892716615e-02,5.117284267584226850e-04,2.650737535106799728e-02
1.442831215970961922e-01,1.399952068194131385e-02,3.077718727211314675e+00,2.017496589530224371e-01,2.193754779486034312e-01,8.177802793978388163e-01,2.505179089011799840e-03,3.103448275862069061e-01,-2.480011130300046673e+01,2.740366862012775240e+00,1.046391872614736762e+00,9.828477078416060220e-01,-7.158436073563851920e-01,3.996872369176370787e-01,1.755595912799371924e-02,-2.850763381355575499e-01,3.393126796985109217e-01,-2.040199084479603076e-01,-1.672909858505935710e-01,2.580308487064068568e-01,-7.352033183410820738e-02,7.382743808024983499e-03,1.834960201295560416e-04,5.014745873152583883e-02,1.779824046546027091e-02,3.652834466531622998e-02,4.742344825035150341e-03,3.875659941514523338e-02,5.540389982696407756e-05,3.316736519719685507e-03,3.280483259115606759e-02,4.066730292173276196e-02,2.919362701271967144e-03,1.798269344150712351e-02
7.395644283121596829e-02,1.740833379246894616e-02,2.676823095032871525e+00,1.569080766659562420e-01,2.210879801029952407e-01,2.280759483828710965e-01,5.564681666942129269e-03,1.451905626134301214e-02,-2.545423885455923951e+01,3.534843311756070250e+00,5.575955478008020050e-01,8.334278584983689786e-01,-3.741321339933828538e-01,3.351077966699813060e-01,3.933107216159744124e-01,-1.803575674435352882e-01,1.625375020073695775e-01,2.391015549465139861e-02,-1.683465541821414779e-02,5.198414861140706472e-02,-3.210076762977755876e-02,1.244195810611472761e-02,4.343530825018226548e-04,1.115574895662585636e-01,2.185100490000022391e-02,1.371451797787943440e-02,6.484974919976532791e-04,6.719058158800809977e-02,1.800231764953904537e-04,2.354048049892227580e-03,5.193080244150519859e-02,2.858161347371385164e-02,2.942110547380018867e-03,3.304199138764227217e-02
6.715063520871143721e-02,3.929271172218882363e-02,2.142577957319770299e+00,1.163556809496470029e-01,1.748414810297360955e-01,1.429698672448064256e-01,1.962973379991679937e-02,1.724137931034482735e-02,-2.434335678334321074e+01,3.572424938842939213e+00,3.316254240645923890e-01,3.145398394761412253e-01,-1.295965135188323236e+00,9.952496112122626026e-02,5.656827629840828209e-01,-7.484687908981334514e-01,-2.876279624901313392e-01,8.310142175406106668e-01,3.046439730628042186e-01,7.867887887707972761e-01,5.082061162923624531e-01,1.238925606159471454e-03,4.934766090411924410e-04,1.923018162620026769e-02,8.555113905744296662e-04,1.282935388604241472e-02,1.361802401349335861e-02,4.564373290612046968e-02,1.173713677522581064e-03,7.412016462189412180e-02,1.454843481284310430e-02,9.373346172841807988e-03,6.597025680686793023e-04,2.135310305283622326e-02
2.631578947368420907e-02,2.999336917140254166e-04,3.077430553973937055e+00,1.532902115203914617e-01,2.458382294283943115e-01,1.001788470895027400e-01,9.591792773479703924e-03,1.542649727767695170e-02,-3.108824735841732689e+01,3.116037296027161840e+00,1.716520807659293324e-01,-8.758905183366075264e-02,-9.387753112422604351e-01,-3.792377407054762228e-01,3.436075736321286822e-02,-6.333295572058936784e-01,3.590825798915026762e-02,4.041889699590313634e-01,1.452211272726668390e-01,5.459973037779535243e-01,5.531079382605742500e-01,4.398443294120770418e-03,1.404661580499461842e-03,2.007089336028064497e-02,1.090293699800180252e-03,1.681386077625230888e-02,1.707811796088498993e-02,1.626285131631674541e-01,4.687974867053617406e-04,2.215137988901972471e-02,2.053079451656192669e-03,1.609584567699224103e-02,1.650564888791538612e-03,4.312053962477999797e-02
2.450090744101633342e-02,1.957656122193451864e-04,3.216309605754515299e+00,2.157027358268322481e-01,3.009703380751087565e-01,7.069582117569722657e-02,1.706288597153412037e-02,1.451905626134301214e-02,-3.394165283162615054e+01,2.977225574401465735e+00,3.522922820811455469e-02,-9.402224917355245237e-02,-1.223010571433254867e+00,-2.776110562204751053e-01,-1.409405161906959192e-01,-6.703884980635798074e-01,-3.051571506972097780e-01,2.574225517584740608e-01,5.391404864096717153e-01,9.325155135139415741e-01,6.031342637667036488e-01,1.310511383023872320e-04,2.724212623455184165e-05,2.375936412165984002e-01,1.645861839216218418e-04,2.925526084101991772e-03,1.673720954541136089e-03,9.539333169296414228e-02,2.774565483371379919e-04,5.761047713307536344e-02,2.658450096998518837e-04,2.786934957855013648e-03,3.339525866493228603e-04,6.807474517102038436e-02
2.087114337568058212e-02,1.448985041628947216e-04,3.131047958151305544e+00,2.121167822621490839e-01,3.156080309393974326e-01,4.384306336437893831e-02,1.520496491482326365e-02,2.722323049001814776e-03,-3.447651105700939667e+01,3.618398276625871546e+00,6.195214509686751692e-01,2.280747441172616685e-01,-6.410500950386441854e-01,-3.207119780048865998e-01,9.767939206658233717e-03,9.600807727195825522e-03,1.988737933762022847e-01,1.157730503570053027e-01,3.239038101814751269e-01,4.582640942450094124e-01,1.081684809094100169e-01,1.122155672450187011e-03,2.672077693352325556e-04,4.232104459211099567e-01,5.667086022805505963e-04,2.110689502354112096e-03,1.865694863577740123e-03,3.174492887677168862e-02,1.472530091229975076e-05,1.913217273830950579e-03,4.947423418345755879e-03,3.596730368921070582e-03,1.073948512702150183e-03,1.160341747468385393e-01
7.803992740471869805e-02,3.228469438171565741e-03,1.380196761195221278e+00,2.332892408512496074e-01,2.242920812647228590e-01,1.218739346488669772e+00,4.317001290410663744e-02,3.529945553539020064e-01,-2.591284176142582751e+01,2.363050020116232997e+00,-1.898559302348483413e-02,-6.057763922146700564e-01,-1.099113007279713505e+00,5.041777895033081741e-02,-1.587491372346440041e-02,-4.423073720111232454e-01,2.025258042493065583e-02,-2.178121404900657254e-01,2.643842566318695964e-01,1.534910134719882358e-01,3.718095913900281158e-01,7.278396524046457615e-03,1.094364004385746120e-03,2.138202911694728550e-02,1.424322862550571681e-02,1.969061416615356178e-02,1.743737552102835042e-02,1.614027446566947827e-02,9.403394112797672927e-04,1.235236710547797136e-02,1.564497514519981244e-02,1.819406509746411202e-02,1.279919888390314980e-02,6.457236315138760452e-03
1.234119782214156136e-01,4.091451371254913039e-02,2.490508462748850516e+00,2.129901417879402903e-01,2.265853749598829014e-01,7.973795092795944450e-01,2.161323677657449403e-03,3.030852994555354174e-01,-2.329800931619928761e+01,2.924342476039357486e+00,7.832429718795153040e-01,-9.762998127234376877e-01,-1.281003568182930819e+00,2.253514979535547469e-01,-1.998761654648174013e-01,-5.831883934633361743e-01,2.953028813195972616e-02,-4.671849004733088506e-01,1.465890465722472502e-01,-9.362736169654247223e-03,-7.106543821259011205e-03,7.400260732599410474e-03,9.007777057764551404e-04,3.279319958935972973e-02,5.450285394623151369e-02,2.287285791079069625e-02,1.571917130118262104e-02,1.409926896431793093e-02,2.695593892220777329e-03,8.813928318022062631e-04,2.211309874199523379e-02,3.115191709982954860e-02,1.616047117997833349e-02,1.505105411831234204e-02
2.345735027223230518e-01,1.828478094485252005e-03,3.122727496921563262e+00,2.709669616194336217e-01,2.282693283376078519e-01,1.463713224285987158e+00,5.262376370683161282e-03,3.366606170598910874e-01,-2.784013795112761258e+01,1.424288103308713804e+00,1.381775786852723398e+00,3.113754748523361315e-01,-5.148471590336620718e-01,4.867789567138207096e-01,-7.422921602692601484e-01,7.305824545238788492e-02,5.776339361420708141e-01,-6.534430831889025404e-01,3.770460315323633238e-01,-3.240070832995152472e-02,1.341636690022496303e-01,1.248115194498792928e-02,1.658864030329143839e-03,6.164026867111531416e-02,8.650529230395722149e-03,5.772416096303878766e-03,2.710766875164319790e-03,3.976377934135871817e-02,2.179360381883695488e-04,1.716356037772009090e-03,4.860824923768713134e-03,3.228713230875453546e-03,2.582534783717410458e-03,1.811875367019183045e-02
2.359346642468239663e-01,9.707544191542316105e-04,3.239422489957395790e+00,2.905442573199193967e-01,2.456530410621640681e-01,1.666917329184988583e+00,1.923938942958607285e-03,3.348457350272232569e-01,-2.870809840133011193e+01,7.123300135827178581e-01,1.116048760186993727e+00,9.707817464280759090e-01,-4.911854701460464656e-01,7.134686497652565906e-01,-3.180522935559366160e-01,-2.564695170378937239e-01,6.370275504025215696e-01,-3.613532722641741857e-01,1.047909228234710360e-01,8.233103116265572119e-01,3.582619265039246881e-01,5.544795479837514272e-03,9.265384809640611922e-04,4.896779692794490935e-02,1.474979103103959792e-03,5.170544558825844114e-03,1.253179758752624414e-03,2.191039390652810628e-02,2.818056012585317760e-04,5.377650828510911665e-04,3.624623924401468560e-03,1.634384289686367092e-02,2.898698922384274328e-03,1.366297378463867535e-02
1.343012704174228744e-01,4.369573753934525673e-04,3.236720249039419794e+00,2.960051401354932832e-01,2.723563692122714097e-01,1.207526409387437605e+00,2.533625052247859104e-03,3.176043557168783948e-01,-3.027585711851874706e+01,1.015705801655732765e+00,6.206388341454732727e-01,1.310393099993152788e+00,-2.476681943828337173e-01,6.868956892161438565e-01,4.585519542349131977e-02,-3.653399724142202265e-01,5.125816283302557785e-01,2.777086345005612134e-01,-5.079633826619697201e-01,8.608076640706754934e-02,1.234996752964180877e-01,9.996053304889740594e-04,3.683129940041693189e-04,9.226743604656628683e-02,8.073821904317155787e-04,8.258488952634906316e-03,8.935888422691882702e-04,9.626803625606263071e-02,3.971670665538271474e-04,1.309671739605970968e-03,2.236014371483280479e-03,5.818474741491973939e-02,5.098509191877082132e-03,3.573656554550579123e-02
5.036297640653357444e-02,6.597310932380088828e-04,3.099141179096776444e+00,2.466873024119005386e-01,2.664826664955794455e-01,5.024947944205627737e-01,5.452460504360142311e-03,1.542649727767695170e-02,-3.101199670495349636e+01,2.452860042724887002e+00,8.836178044899578587e-01,7.291625417979059609e-01,-8.929736478602144645e-02,4.262786716605521664e-01,3.468494999024416062e-03,-2.678647839922411733e-01,3.132138927209637269e-01,-1.431770232422784755e-02,2.617609747603862336e-01,3.433032072462585127e-01,-2.171610431332578542e-02,9.257351763367232308e-04,2.080065582709168543e-04,8.571337670536312292e-02,2.845979006342276314e-03,2.630525871162656126e-02,1.675454355126005041e-03,1.991004756726448000e-01,7.659992455164765974e-05,4.355131177008209889e-04,1.159573748197337533e-03,6.617020134995750535e-02,8.151095145254916351e-05,5.754628999848553084e-02
4.128856624319419272e-02,1.225686450329244517e-03,2.092161102465161182e+00,1.630577590965913148e-01,2.176155392595980065e-01,3.496970768556289522e-01,1.325779074579643696e-02,1.724137931034482735e-02,-2.948718592012220441e+01,3.953174438539080349e+00,1.178856723541522822e+00,2.238408434919043621e-01,-9.164691605475424607e-01,-9.773768295514764087e-03,-1.428014362213148314e-01,-6.179384663868535688e-01,6.261077822334568110e-02,1.736656555664713164e-01,2.757463102662146004e-01,5.425656407370658130e-01,6.290380375514025013e-02,4.582835692654666643e-03,4.213640708156017817e-04,2.410098439069260565e-02,1.101290117451222093e-02,2.659087340422654558e-02,1.424846675152451232e-02,5.631196545041861068e-02,2.999987811443709175e-04,3.144541019535368465e-02,3.081392671889108745e-02,4.133122887204068729e-02,3.988432981817849332e-03,1.697765146717844162e-02
3.266787658802177557e-02,2.914305194523482347e-04,2.308419824819188282e+00,1.473224028137719299e-01,2.717797510800907257e-01,3.440550458907999654e-02,2.224459418800080190e-02,7.259528130671506069e-03,-3.382462255146684527e+01,4.154301327583903358e+00,1.685409425879574652e+00,8.379262360117145647e-01,-2.278140870595962986e-01,8.003261841807877974e-02,2.834332148140260021e-01,-3.890037649103537248e-02,-5.443049107984849339e-02,3.491478846196113817e-01,3.386988348936629811e-01,1.080559212756947163e-01,2.346407997113937258e-02,6.427442491920159345e-03,1.188330110600801848e-04,1.824440124179184941e-01,2.438650770561277218e-03,4.341327887121655682e-02,9.537085679884048416e-04,1.292182433636723249e-01,2.418390390225899111e-06,3.181991218837374770e-03,6.785348308723475677e-03,4.594498636269651361e-03,2.629637650215163602e-04,5.771346034412516701e-02
7.803992740471869805e-02,1.723804310756853672e-05,2.946322454806922231e+00,3.297291741971527523e-01,3.413334526157820181e-01,3.327972322087804358e-01,1.508342036601144180e-02,1.451905626134301214e-02,-3.593679138023336606e+01,2.431594899925463960e+00,4.454597438439529267e-01,1.603751338757642142e-01,-3.391302144506508909e-01,-3.762146532570428414e-01,-2.452415900407602933e-01,-6.069541301447990422e-01,-1.537018467393610754e-01,4.086771400740463744e-01,4.848279687644823088e-01,5.057709874467497535e-01,3.736160854250908381e-01,4.587507929525906983e-04,9.060583205461412298e-05,1.061956447671597442e-01,5.263915062671605406e-04,3.404713515472692492e-02,6.135934543043355081e-03,2.255859191077919657e-01,4.416333841424013650e-05,4.620085648187840545e-03,2.112294865770271250e-03,4.120873611027245885e-03,4.359575877129641787e-04,6.525266484860720029e-02
6.215970961887477136e-02,1.095521604775177396e-05,2.889758217216499503e+00,3.740265964148514755e-01,3.460986507561500392e-01,4.531506463952745256e-01,4.638951551738250238e-03,1.451905626134301214e-02,-3.631083638464733809e+01,1.698778303956415270e+00,5.699417875806454294e-03,2.475402994645528043e-01,7.494690081360307066e-02,-8.568207809128791305e-03,-8.147211419263426790e-02,-2.232183626913581131e-01,1.344865657817682358e-01,4.248868906889899377e-01,5.029129649063147633e-01,4.439095510262128785e-01,2.285529598310171995e-01,3.008946802860435984e-04,1.751932398599190645e-04,2.723209146333745445e-01,6.510802257374548319e-04,1.017122238348681929e-02,3.068216811731949256e-04,1.371126436856031638e-01,9.591247822541453579e-04,3.394937454476797557e-03,7.243376030082140276e-04,6.092945037493176751e-03,2.044575617046882259e-04,8.037978759029723586e-02
2.363883847549909378e-01,2.399998890010225694e-06,3.076103134058237654e+00,4.248669380833837717e-01,3.293683880668478725e-01,1.402869757420615482e+00,5.648762385249227365e-03,6.007259528130671766e-01,-3.709859775577120899e+01,1.825242478050871142e+00,2.920877546563404592e-01,1.918614275753672271e-01,8.068155100612570130e-02,6.778101606235342746e-02,2.548889606090466026e-02,-1.916346245533420423e-01,-4.604725191867602846e-02,1.793517763248218266e-01,4.178162404690884957e-01,3.463655472031844096e-01,5.241378429868626468e-03,1.855058535358707376e-03,3.021800375707369237e-04,2.710996979522610484e-02,1.877268255496530912e-03,6.791804199887371829e-02,2.029489097198296059e-03,1.173081368136886377e-01,9.764779904542865213e-04,8.142321404137855450e-04,7.762550309178666832e-04,9.039400778811896436e-03,8.520167750303229417e-04,3.507555672898306914e-02
1.678765880217785722e-01,3.291978384368962314e-05,1.748763794847243203e+00,2.353130000994706761e-01,3.250628462287706300e-01,1.678413453239800679e-01,8.284383565289061419e-03,1.724137931034482735e-02,-3.429805765832734465e+01,4.513939078917006853e+00,7.345217971118335187e-01,-8.269606822715680830e-03,-3.617299733732231015e-01,-2.886090650983193506e-01,-2.083613458018378495e-01,1.246283560467751628e-01,2.121691097303475548e-01,-1.509782921114149468e-01,1.971635624446601287e-01,2.372066971794146717e-01,8.924140401325639238e-02,1.605385867022619817e-02,2.225562386048743693e-03,2.187352671331703816e-02,8.196863869576326289e-03,3.060435682822808603e-02,1.166605219252075422e-02,8.041869428982063861e-02,5.771668489538016360e-05,2.451903812002755034e-02,3.001956940584762576e-02,2.280718995293119430e-02,4.103178069983825886e-03,2.056014319813224966e-02
1.796733212341197761e-01,1.700821264436931310e-02,2.363534110583904280e+00,2.498232313717551889e-01,2.387416483509268439e-01,1.028018744846758370e+00,8.565968253211217812e-03,3.520871143375680634e-01,-2.436941452188930413e+01,2.782710170144969020e+00,7.126303500462535245e-01,-1.124027746537421102e+00,-1.269418319410489771e+00,4.224509189761625483e-01,-4.007325099262605550e-02,-3.898992613731895318e-01,-9.367679054277995576e-02,-5.645694777751547599e-01,1.173041787108340117e-01,-1.474086995020085500e-01,1.951106639745628923e-01,9.291709262436349120e-03,1.758387128356509593e-02,9.946346526675661423e-03,1.924166590428127641e-02,5.709228333680738121e-02,3.879309470255614539e-02,2.385038379185658915e-03,1.174199368054499324e-03,5.587006252848072604e-03,1.167199864570625176e-02,6.320083949850149700e-03,2.983488963891780914e-03,1.604684285371738017e-02
2.513611615245008868e-01,7.549798281583296970e-04,2.566681311945952615e+00,2.680489290682567805e-01,2.361599815395555302e-01,1.515416836661146682e+00,2.466526519412873091e-03,3.584392014519056091e-01,-2.744948611481399681e+01,2.033152702509269272e+00,-9.668648695504715451e-02,-4.880026143614673573e-01,-5.223802294409678471e-01,3.668812920557302237e-01,-2.115567202108524503e-01,1.301214632875296318e-01,8.571763561700650874e-03,-1.400344472105935212e-01,2.291517534496475272e-01,-8.419389888706280134e-02,1.188563190366144773e-01,8.553942689352988030e-03,2.027650294909509945e-02,1.601893397162480748e-02,1.106389175846460293e-02,1.522961580227656132e-02,8.817342924593017314e-03,1.258593420008799826e-02,3.286660700611137523e-03,2.237160114311016572e-03,7.982746296376479547e-03,1.593210932827329382e-02,7.008055646332596832e-03,5.222498322855312694e-03
2.749546279491832945e-01,3.610143064460827529e-04,3.269799308794268722e+00,3.126832899157472312e-01,2.299388505874963018e-01,1.686371179309518409e+00,2.431922906480232880e-03,3.647912885662432103e-01,-3.068593052272386501e+01,1.083950996058517635e+00,1.248484976484791398e+00,-3.345674906431306966e-02,-9.491069401425769048e-01,2.094264253938728573e-02,-3.569876731984648610e-01,-1.508374531670438057e-01,-3.447601046523107726e-01,-5.814790155071536404e-01,-4.351677881807269888e-02,-1.376215277468603726e-01,1.777837842743520969e-01,9.862246222957345154e-03,1.659229577217785417e-03,1.370735642170378341e-02,5.474730204382518423e-03,1.690169635844648854e-02,4.233038894552793550e-03,3.467868403354690265e-02,1.334496951736906147e-04,7.834299162300774680e-04,7.981421887610887396e-04,1.488648351509951973e-03,4.772910615920437699e-04,9.788677100274667878e-03
2.826678765880217825e-01,1.445355846832318679e-04,3.210876123045583785e+00,3.232859791547265660e-01,2.456546838451451609e-01,1.818887211796990755e+00,2.156035617124604179e-03,3.384754990925589735e-01,-3.158182614414099376e+01,3.329427976835072078e-01,7.590123652228770723e-01,5.547367497095133659e-01,-3.821817042652907448e-01,4.059378886627479366e-02,-1.060370539854960381e-01,-3.903686071990281059e-01,1.629900081533845191e-01,-3.643330219505206968e-01,-1.133859431385146749e-01,1.326393222130139438e-01,-1.755726624247454792e-01,1.217509490672602328e-02,1.064757977502031952e-03,1.730005743003899463e-03,1.323040689180426423e-03,2.880494637308107699e-03,2.485814705590259650e-03,1.084217930565071347e-02,1.679242630944366042e-04,2.665869747206877065e-03,7.709611398660672077e-04,1.373094073508734523e-03,4.782560111348522353e-03,3.761524462577161068e-03
2.531760435571687728e-01,3.291283679923137423e-05,3.209864553066242632e+00,3.444457146336773468e-01,2.577790201800740921e-01,2.004415797169681213e+00,2.658155874864901163e-03,3.711433756805807560e-01,-3.393213202530189676e+01,1.023547761593455840e+00,4.344420115899190193e-01,4.059724448974994515e-01,-4.157286568688106643e-01,3.954300048231140230e-01,2.042799800032542579e-01,-4.295697597220905495e-01,4.396457926044066156e-01,1.168797331586210880e-01,-3.521953177609040142e-01,3.504984595215626109e-01,-4.021197557992213789e-01,4.918530415269441181e-03,3.569783532919035816e-04,4.807811300995817189e-02,1.800514920787539769e-03,8.780125651389884475e-03,2.941005081430330152e-04,5.278082745327138808e-02,3.847840854355889903e-04,8.924524505506122940e-04,1.022454298239285162e-03,6.707370719437472095e-03,2.350581768407084948e-03,1.798469881112842172e-02
1.846642468239564350e-01,8.105518727639538933e-05,1.116348144645999074e+00,2.113651589715082879e-01,2.672094312067129773e-01,4.771778251273278704e-01,4.921822057786203949e-03,4.900181488203266683e-02,-3.020868167639625668e+01,2.601350881950526883e+00,-6.280862363118610014e-01,-2.162084858538163845e-01,-4.681760726701533204e-01,-4.169428867199993505e-01,-2.369145784170749447e-01,-1.977717228340809263e-01,-1.909881042466103976e-02,-5.387591611782571038e-02,1.758062118760504028e-02,3.514535277879761443e-02,9.815314978593990894e-03,1.431993300731730298e-02,9.510967752190901958e-03,2.175706143193574180e-02,1.474162659881079161e-02,2.434483437122297519e-02,2.009671303989694902e-02,3.409486449490446019e-02,2.678094779317252011e-03,1.844220257236402205e-02,1.889869750693261991e-02,1.551548794253857985e-02,1.212613219229063781e-02,7.544298142324160766e-03
3.720508166969146990e-02,1.730051347887483605e-04,2.236107018417368586e+00,1.723599979737689969e-01,2.518775768988673058e-01,2.309947426040044327e-01,3.838356260260723362e-03,2.631578947368420907e-02,-3.018365253834786444e+01,3.053956621563576945e+00,-4.970942978112693478e-01,1.453069001444320107e-01,-2.734838651587481184e-01,-4.329271412975746469e-01,5.718367474217479762e-02,1.417206484388700699e-02,-1.848702290109880131e-01,3.160933064969403405e-01,9.159846694637867326e-02,6.915367071002757882e-02,2.051066167634483239e-01,8.417018134317850314e-03,3.827543860731418088e-03,1.200114399141638394e-01,7.573756554975690468e-03,1.294140959822530357e-02,1.160312518822893997e-02,1.222342503651163703e-01,1.659267685589295264e-03,7.775700696481340456e-03,1.001521802402591775e-02,2.491467830426930680e-02,5.802231532561072207e-03,4.198746712343836424e-02
1.293103448275862155e-01,1.069334212036487900e-05,2.862139683253909439e+00,3.753611828054558841e-01,3.440919387578899036e-01,4.047605417124490179e-01,9.707423582931751227e-03,6.352087114337568244e-03,-3.647160595156770313e+01,2.549125447863167082e+00,7.663756777821461030e-01,3.601139319831721530e-01,-2.674491094316638340e-01,-2.914533273995257006e-03,6.321449494880183526e-03,-3.161945986594291713e-02,1.973604092546726585e-01,1.338499232768845804e-01,2.114468095680625270e-01,2.942129586227744120e-01,1.832840915285255112e-01,1.775430923543796927e-03,1.168210706660789846e-04,5.596528344214338202e-02,1.246937674292602485e-03,1.242732333004527290e-01,1.205956446737733393e-03,3.195262039640132945e-02,3.417829752531374992e-05,1.051793062989025323e-03,7.501027099649016424e-04,3.878060209473716165e-03,2.677241291990970591e-04,3.593243881057938544e-02
1.420145190562613347e-01,8.717086653837430679e-06,2.543979513399942327e+00,3.958742356102037396e-01,3.252736926785113059e-01,6.394544890190012598e-01,5.789577878528024378e-03,1.633393829401088779e-02,-3.712884566049164192e+01,1.946187028027338339e+00,3.155802393622193502e-01,-5.712532919302287272e-03,-9.500458696291572136e-02,-1.797313218612496266e-01,-3.309261214535695883e-01,-3.008688537491363557e-01,1.107567016073246202e-01,2.527667481190936094e-01,3.520957970963888850e-01,6.655710721850879308e-01,-3.629845059310995298e-02,1.540742290767109501e-03,1.826808457801712198e-04,1.237727081799989970e-02,4.236045327327886065e-04,4.293975719526675616e-02,8.414144011117013263e-04,2.982755174957858468e-01,1.100809024035346993e-04,1.933915819017602896e-03,9.901621998316821778e-04,2.060675218638540959e-03,3.839582997473439153e-04,8.167710032659150632e-02
3.411978221415608026e-01,1.256839630560646189e-06,3.273947060575493673e+00,4.714569855127247466e-01,3.260715212134452923e-01,2.289411361771252373e+00,5.441669610756280293e-03,8.711433756805807560e-01,-3.743946204277754219e+01,1.903272594046388821e+00,1.720821577928859925e-01,7.429959444408648639e-02,5.241464181525046923e-02,8.080330757625987792e-02,1.322830762770884350e-01,1.617201326813158258e-01,6.362839287835199420e-02,2.430583649517939759e-01,4.704719413995610555e-01,4.871888000725704271e-01,-2.540434946565149968e-02,9.272722905930175664e-04,1.250397794956953443e-03,4.672225606852991459e-02,3.029297790895442259e-03,1.837234070386711132e-02,5.444974137429043834e-03,9.600904185597161633e-02,3.377375029242250066e-04,2.958133900559030069e-03,2.434301431132315438e-03,1.941259316671094942e-02,2.236291646341283072e-03,2.719004999226394201e-02
1.887477313974591786e-01,2.706183686764997734e-06,3.121942829395063956e+00,4.200767620140354874e-01,3.371774690321666657e-01,1.289189101481705402e+00,1.563239887424670762e-03,6.116152450090743820e-01,-3.684032624539615597e+01,1.784091257620727733e+00,9.298997158764921167e-03,2.384430165375808763e-01,1.914297132144926195e-01,3.721837352539189570e-01,7.200043998424107694e-02,-3.340842132955743060e-02,4.976708952206960745e-01,1.859291095276003614e-01,2.722053303006154445e-01,3.381864034311361511e-01,-2.201125935894241922e-02,4.919330497780182929e-03,4.951246821037294001e-04,6.841003624245813042e-02,4.510215769829014698e-04,2.579078704138450598e-02,2.181783875474072650e-03,1.825991897415369103e-01,8.934137782951765902e-04,8.600260072236157573e-04,3.108331394445397987e-03,1.864656916945634652e-02,1.855624189520609871e-03,5.087571197381878657e-02
2.613430127041742046e-01,1.066689298162562631e-05,1.622017183615364511e+00,3.104166648467466816e-01,3.428580238005811132e-01,4.246241839944679408e-01,4.788839125475222690e-03,1.905626134301270300e-02,-3.510682758736542297e+01,3.582722071102977690e+00,9.199169724853953900e-01,4.225152099230964353e-01,-3.560717312204764728e-01,-1.085939169761345746e-01,-3.427411238357161993e-01,6.218006285142477219e-02,3.970368054107023537e-01,-7.029843719825783210e-02,1.140614038202138747e-01,2.380702088570795794e-01,3.278469882446335970e-01,1.494986359563352241e-02,5.715681145212899664e-04,4.434713198905104042e-02,5.321009973554667247e-03,1.931592055151578474e-02,1.422691141475855049e-02,7.162910434260738590e-02,7.662531368006052918e-04,1.722392149738214209e-02,2.655228108952021465e-02,4.116174622343583139e-02,6.797725736788781149e-03,2.022728876095116965e-02
1.746823956442831172e-01,4.435617652585125717e-06,2.916754523633338536e+00,3.942646129908190522e-01,3.192782594772268223e-01,1.182715082429574238e+00,5.478142611683097483e-03,3.847549909255898459e-01,-3.633972628837764773e+01,1.972774185706925421e+00,7.116809417226614698e-02,2.742727327208533961e-01,-2.929095162906271699e-01,-6.388053194673870561e-02,-2.948914154412244915e-01,-2.021870154188695201e-01,4.685561490998742529e-01,1.841547375583355017e-01,2.774387848591103323e-01,2.734789457779370769e-01,2.821940930094702926e-01,7.064084269087075527e-03,8.554000795663996683e-04,4.996019392034851264e-02,9.690065445951044848e-04,4.674301508167493652e-02,9.872440818255434885e-04,1.470115546690459463e-01,2.219743467380943722e-04,1.990357704299387364e-03,2.837340875683177707e-03,7.164628216345650738e-03,1.435511019954770250e-03,4.129152405728180042e-02
2.472776769509981987e-01,2.282147565926132052e-06,3.206445463491860437e+00,4.100410733228243010e-01,3.292205762190920093e-01,1.691293974128333932e+00,1.247717242608962617e-03,7.286751361161524221e-01,-3.620643394775274260e+01,1.704772913333298057e+00,-7.545053963716005785e-02,-1.586036023986751864e-01,-4.823943809516002545e-01,-2.074328682077939412e-01,7.280029946639413052e-02,-7.672548981318842720e-02,2.413838971740512873e-01,2.328348599922325790e-01,4.539272520933401722e-02,2.150051416943934979e-02,-2.200793119273759813e-01,1.193771609499052165e-02,1.976413274550415169e-03,1.076804089703224804e-01,1.042130740607574019e-03,1.650853022213135540e-02,1.271858643361934316e-03,6.695221141432219913e-02,5.771859073545718838e-03,1.320095793705111696e-03,6.617261758128607785e-03,7.253525941582299359e-03,4.079425030408346219e-03,3.181478137850746873e-02
1.433756805807622492e-01,1.753144916706542156e-02,2.221639157402244269e+00,2.480170000557900822e-01,2.418613684238632711e-01,9.164991892136071794e-01,5.351734321143334500e-03,3.448275862068965747e-01,-2.479460148813621245e+01,2.663280302624692286e+00,9.453564132671203879e-01,-1.528500017456544846e+00,-1.621887761240906611e+00,2.015912938537238464e-01,-4.564034401914282557e-01,-6.063505405687663607e-01,5.370335949213032867e-02,-4.114809736532271667e-01,3.764835852143875727e-01,-3.755799031130316323e-01,5.730143085371631750e-01,5.600809802389466498e-03,5.718135457698081750e-03,9.762638823453359885e-03,1.871006796331131303e-02,1.703988828969858066e-02,5.024388823760055252e-03,1.773168812341798309e-02,1.166633140537323514e-04,4.803350091754461648e-02,2.546756480993577713e-03,2.154798285020464305e-02,1.124301428869321946e-02,1.234152482846026869e-02
2.227767695099818479e-01,4.720113937518059452e-04,2.996268353776082360e+00,2.703344815677303226e-01,2.327198923051849166e-01,1.342230955703196615e+00,2.162090233759386172e-03,3.720508166969146990e-01,-2.904430605696808954e+01,2.211270925933120246e+00,6.232464475372521129e-01,-5.974702105819639231e-01,-9.257911521926738274e-01,6.394881908338201359e-02,-6.981202615896969776e-01,-9.747302667882349475e-03,4.398958357918809070e-01,-4.107804611929086747e-01,4.522745467251629847e-01,-6.009211530044832050e-02,3.369279753336861666e-02,1.271242690399125748e-02,6.332374651481250880e-03,6.029255670127245219e-03,9.413667617043160185e-03,5.992601075040610188e-03,1.636436672555745481e-03,2.728061357205922161e-02,2.215377000420817063e-04,2.252942585575715834e-02,5.934516465423374243e-03,3.676052872952055572e-02,4.857842894668210412e-03,1.080471803241869234e-02
2.840290381125226693e-01,1.948001187928401396e-04,3.265227022085101183e+00,3.248375497565136882e-01,2.213465991345580086e-01,1.597268220236572667e+00,2.443905493571714438e-03,3.920145190562613347e-01,-3.171616685063047925e+01,1.807650476528976480e+00,1.301188679407112581e+00,-1.248265400999722247e-01,-1.258931434612288625e+00,-7.376833665982856711e-03,-1.932925406845130145e-01,-6.816230479110795271e-01,3.582529496571308369e-01,-1.568614726199519804e-01,-9.501014736563560825e-02,4.219885419416033456e-01,1.244523031167003996e-01,6.371578946670838212e-03,1.152949641876781011e-03,1.262335265956638850e-02,3.066916681512905397e-03,2.836197156487888556e-03,2.760095304875643130e-03,2.784341131371737346e-02,7.167369493589333888e-05,5.347989810383285691e-03,1.472759271890434129e-03,8.579520783849546237e-03,6.694776467021882477e-03,7.263322777891331218e-03
2.844827586206896686e-01,5.547926640439054038e-05,3.180750216411758480e+00,3.437575121264440647e-01,2.511281690774102571e-01,1.797755777667667365e+00,1.723781740681219234e-03,3.593466424682395521e-01,-3.297643356655773061e+01,1.661474706161375270e+00,6.696374176339294770e-01,1.909033049803492421e-01,-9.307070150610492476e-01,-1.040481274317350303e-03,-1.019066588343295193e-01,-4.964340641197988457e-01,2.243726640034779396e-01,-9.535393188292679012e-02,1.820667486999549278e-01,4.251451768458045510e-01,2.643041073156392473e-01,9.327009798952437883e-03,8.923994419828856122e-04,3.680265635528966097e-03,8.518049381092285960e-03,7.172084625415970326e-03,2.302408542355861322e-03,1.524066856309133286e-02,7.201123596444195711e-04,1.019366014905307913e-02,1.096140548824594933e-03,4.177503794404715566e-03,3.618072641542344810e-03,4.336724393420499438e-03
1.479128856624319366e-01,4.661862505599277711e-05,2.696824305396614996e+00,3.223201733657921619e-01,3.040271684895224369e-01,7.660733653036958524e-01,6.155321278555114795e-03,2.595281306715063740e-01,-3.372209133824392779e+01,2.414647273363370594e+00,7.730475985812926831e-01,5.302655945125415160e-01,-3.043954811319673492e-01,-8.401509558685339024e-03,4.705797568089093406e-03,-4.216106542741366453e-02,3.181716118038659807e-02,-2.363934548023320925e-01,8.384736574622739247e-02,2.182197727007396948e-01,1.989104281217286482e-02,2.771840947238936401e-03,9.174351846107948322e-04,2.381472813791232768e-01,5.152433712834231412e-03,6.047814317748099848e-03,5.112481715343807076e-03,1.126139889372284597e-01,2.197999108473189700e-04,2.395270990726118456e-03,2.923673333780008737e-03,1.771763602359014908e-02,5.942598582747778309e-04,6.882692467081086285e-02
2.495462794918330146e-02,1.155478304049772269e-04,2.890385537271181082e+00,2.082664860613094304e-01,2.953847056979097552e-01,1.201070548128997939e-01,6.934279441229514521e-03,7.259528130671506069e-03,-3.293875285809938447e+01,2.883383475477816038e+00,6.662860341511057660e-01,7.774660193632668692e-01,1.859994532406807621e-01,3.154645467928157698e-01,1.934391443858637094e-01,1.510600293873441136e-01,-1.066712275080178296e-01,2.069962708985900041e-02,-9.881130837628421607e-03,-1.013123477625607356e-03,2.008024788587436937e-02,9.065787771860752894e-03,3.535516546755741859e-04,2.787062775806710690e-01,2.738113791976785286e-03,1.699797091673085903e-02,1.485006782752158749e-03,6.842031576994515862e-02,2.441557098509663333e-04,2.754068556557608843e-04,2.592263047287437366e-02,1.183190823966099627e-02,3.410555912528031664e-04,7.588580291730939731e-02
3.901996370235934902e-02,1.133985063394364173e-04,2.298827518513822721e+00,2.412829736097004685e-01,3.235438021916184348e-01,6.656005212927161574e-02,1.571960796558223919e-02,3.629764065335753034e-03,-3.553481477765431862e+01,2.059362104717387787e+00,7.188325698678282860e-01,1.261749431058332593e+00,1.411009002908936438e-01,1.542250475984876523e-01,2.601229101307460656e-01,2.913532619521183586e-01,3.914218007973316871e-01,2.740461124113950375e-01,3.182613706720824331e-01,3.247698420123033558e-01,-2.810194054409001496e-02,2.635850771531806453e-04,8.666068265616308432e-05,1.729652055154865531e-01,8.758425946358461723e-05,7.947672797780201302e-04,3.926404229745183880e-05,2.091440080317388261e-01,2.628618136700699973e-05,8.532453532920178266e-05,4.124849630327237331e-04,6.967414133871127624e-02,6.800277056272223560e-05,7.150985235384493821e-02
1.039019963702359356e-01,9.221026178805068589e-06,2.841998961113662681e+00,3.682772395024456746e-01,3.411267759237396335e-01,5.858533795437308456e-01,2.673665343030769484e-02,6.352087114337567897e-02,-3.573211436992600198e+01,1.630103500852485787e+00,-3.526097195314330246e-02,6.602810412063511158e-01,-1.984891400199218503e-01,2.961533449322281686e-01,2.212837906240413058e-02,-1.327122876118173311e-01,5.472218484874062927e-01,2.064886517713220848e-01,-7.755656778202829615e-02,2.809512229775070757e-01,1.277737327339158457e-01,2.541868469419718453e-03,6.277445697825605013e-04,9.487894667940421911e-02,1.200898436633455243e-03,3.681022357397580221e-03,5.737720657861590263e-04,3.145045795150761547e-01,2.346424780944923749e-04,2.257245985071616463e-03,5.203100434816570335e-04,2.614632651709819771e-03,8.742016604768122539e-04,8.800234728659384054e-02
2.309437386569873074e-01,2.547670032320827181e-06,3.052807866779097878e+00,4.706152398640405243e-01,3.338395404687252155e-01,1.961654190565876643e+00,3.435986176514610902e-03,8.729582577132486421e-01,-3.686559962382286670e+01,1.424519876547354569e+00,-1.580769676882877173e-01,3.934106217671555217e-01,-1.637495192845445438e-02,3.098596718340942968e-01,1.814366558981952426e-01,-5.558359403738594162e-02,4.183986563588041885e-01,8.849803265974941213e-02,-3.327523111803200595e-01,1.816373918901664219e-01,2.328573091351180957e-01,7.082013210112791599e-03,1.577656914683846874e-03,2.656638231910780218e-02,1.142074506266890039e-03,2.084878055100919565e-03,3.481454392198198543e-03,1.593145750823737605e-01,1.079842793211627369e-03,2.498769726032413520e-03,1.923231952964688570e-03,4.346238970716252703e-02,1.164267672335283664e-03,4.358217979355390181e-02
1.324863883847549884e-01,4.409809057253271996e-06,3.053302748070717776e+00,4.131231557616647510e-01,3.431790427676014166e-01,8.239493880037926932e-01,3.888441259936523120e-03,2.822141560798547832e-01,-3.687600078673644788e+01,1.174892967526779852e+00,-4.021786640508499544e-01,4.175645350459364913e-01,-4.713689836371949549e-02,1.256845592003931200e-01,1.518589571893244061e-01,-1.189216173225501744e-01,2.532651493116004349e-01,7.439338426189126552e-02,-6.339400663635351429e-02,3.025458565107887465e-01,8.628614596945638482e-02,8.386444880930846559e-04,7.784076604021211753e-04,5.707390411185831597e-02,5.035274231741483164e-04,6.827899298316864041e-02,1.056227710375270837e-03,1.543071700238751731e-01,3.834966050252371474e-04,5.791065608552025800e-04,1.076648754506559806e-03,1.404555353027795188e-03,9.990572367657498277e-04,4.551554160638852237e-02
2.563520871143375457e-01,1.497476933880065463e-06,3.241781176096532491e+00,4.594864434051891822e-01,3.465969821876106471e-01,1.655444414208268489e+00,1.829042064129678038e-03,8.566243194192377786e-01,-3.704875371097836023e+01,1.240907240222294705e+00,-4.217795110571441186e-01,2.437596776395646869e-01,1.456629731593750976e-01,3.137065278431844795e-01,5.333849319240534237e-02,7.606297899356508074e-02,2.827131712160390054e-01,1.758530740382596158e-01,1.558113047718684939e-02,8.497161605306431664e-02,2.359760333561838619e-01,3.013361735325922105e-03,1.515860377793035521e-03,4.852926781564440711e-02,1.177672111514724588e-03,4.244931560751789151e-02,1.475344958563762398e-03,1.067847119268088840e-01,1.373801307815352432e-03,9.712965280604300916e-04,2.231319406643334727e-03,6.245907789239142985e-03,6.736834602992594796e-03,3.101271458992312102e-02
3.552631578947368363e-01,1.143003303194252523e-06,3.276392930673138082e+00,4.672388324985614072e-01,3.391679330908604073e-01,2.129533410035403751e+00,7.824904209610526349e-04,8.929219600725952777e-01,-3.712033021858617587e+01,9.538176790341512667e-01,-2.986636086886690356e-01,5.281225120745862700e-01,2.341228245245421113e-01,8.546679045374254435e-02,-3.076813461240437628e-02,1.768651788840448422e-02,1.502768841139617284e-01,2.025108969324148633e-01,3.557740555671123905e-02,5.638722053115472616e-03,1.996447860445691447e-01,2.493017583536366946e-03,3.259368752065189105e-03,2.153026779975676999e-02,1.483332440559570128e-03,1.692988544791734426e-02,3.457498314501644601e-03,1.357567658496682816e-01,7.648165636169355431e-04,1.358480801790519195e-03,2.631858385488546840e-03,1.841085164445200196e-03,4.634336905195541971e-03,3.655972082657614475e-02
2.227767695099818479e-01,2.411581034927516262e-06,3.001663341091990844e+00,4.215865157977133904e-01,3.441317794855052736e-01,1.094380089025378533e+00,1.404290302256958273e-03,5.408348457350272698e-01,-3.663315083194985533e+01,1.780091443754169500e+00,-2.585260912789553167e-01,4.506855772038863561e-01,2.546629836722156259e-01,1.413141679880620116e-01,4.701871530533797278e-02,9.206530111812044614e-02,2.291798753472458761e-01,2.639590891648130322e-01,-5.821900966055321147e-02,-7.293248868880973512e-02,3.917212535033796628e-01,4.255082135210862780e-03,7.931194285610793180e-04,1.022150411067174539e-02,9.313862072626404032e-04,6.572033894397390219e-02,1.723445990191883014e-03,1.431524926287934540e-01,3.335142691629622421e-04,7.278077179134506041e-04,5.029350982138425415e-03,6.266796125055917703e-03,5.484149663797270417e-03,4.087254764413561503e-02
2.817604355716878395e-01,1.985860469214209103e-06,3.060525997285244326e+00,4.364609431203548828e-01,3.201181314545032963e-01,2.093122776099070048e+00,1.552642857329750506e-03,8.003629764065335328e-01,-3.691269839709914180e+01,1.626038123920246159e+00,-1.844553529717176954e-01,3.243064496701452692e-01,3.638961672407314274e-01,-1.980937958576221500e-02,-4.577847496303741326e-01,-5.745400845783025373e-02,1.807945692527150316e-01,4.317670350986999028e-01,2.710333136542478760e-01,1.070426399668463480e-01,1.221527436069566874e-01,2.076039419346241335e-03,1.047185203709909140e-03,6.530264857473534051e-03,6.521252206878987634e-04,1.969201601963760373e-02,2.994270885141610446e-03,1.437696048706183505e-01,1.475208958874203713e-04,1.608612305849632228e-03,3.942802821637312466e-03,7.633037317247078068e-03,2.756558259917785310e-03,3.883691556863614475e-02
1.460980036297640783e-01,1.219953915135165053e-02,2.015835991276347716e+00,2.563508690049129402e-01,2.574955488488003819e-01,6.066198059122029917e-01,9.825713492979898031e-03,8.802177858439201585e-02,-2.666137204770648594e+01,2.298895405533440961e+00,1.745076267241421508e+00,-8.599250365582407074e-01,-1.636271431313185643e+00,-1.257788172029780105e-01,-1.059137062297233811e+00,-6.157789999038075779e-01,4.393408389950754223e-01,3.897157470566591786e-01,5.883659614454224140e-01,-1.111605702076172431e-01,4.173441888482870010e-01,4.087711697610927307e-03,5.476348780681056065e-04,1.889362265708337393e-03,1.348949477570817639e-03,1.201275530429837335e-03,8.352509367750950500e-03,2.659000489986432583e-02,8.036855769746848810e-05,7.073858565475243942e-02,2.528265405616318684e-02,1.447896634960263440e-02,7.064507947908119437e-03,1.941960126053077912e-02
2.940108892921959871e-01,1.902076197973778533e-04,3.245957636097569932e+00,3.306219300851151455e-01,2.265670080204112424e-01,1.246736505476830015e+00,9.098125073822529996e-03,3.629764065335753243e-01,-3.190400026917431475e+01,1.273916142818196651e+00,7.525016457682230653e-02,-3.437471578583475296e-01,-1.195328439821293776e+00,-3.947695307358358718e-01,-7.471786366694667114e-01,-2.236087665234924859e-01,7.065835822701396762e-02,-3.088752768881500646e-02,2.820328105666630170e-01,2.567423481229026416e-01,-3.146447132307033951e-03,1.647289549339169988e-03,1.454835526705452282e-03,1.715515177821226242e-02,7.361142292285019094e-04,1.691293394320368638e-03,2.355310596452985308e-03,2.290732522030606080e-02,7.459404259783497927e-05,3.676444094936066453e-03,2.856726343403502111e-04,3.560569597774928489e-03,3.607427334226404221e-03,6.955448205312566787e-03
2.091651542649727857e-01,6.833926810594448484e-04,2.062236849368854319e+00,2.116868054209961603e-01,2.387012344511426354e-01,5.250739187342035041e-01,1.015647794640407026e-02,2.722323049001814863e-02,-2.960142634683763774e+01,3.304196535634981391e+00,7.106133121384580198e-01,6.441633131160383607e-01,-2.117460818617001098e-02,1.965936590775078097e-01,1.755447275697240017e-01,6.792503284006215503e-02,1.950305275143650319e-01,2.555135707092021646e-01,2.009542403526048127e-01,3.697098418431921663e-01,-7.685206523601637030e-02,8.295025606422666564e-03,7.703755231074404033e-04,5.895228739302543070e-02,1.978740845001831193e-03,5.775186967361754103e-02,8.766587265748967267e-03,5.207679576001261051e-02,1.233962886947611128e-04,6.166680075345693998e-03,2.435091302874565350e-02,3.210987882169191732e-02,3.489365728573152678e-03,2.224004277884802233e-02
